Workbook

Sheet MinorData
A1: Direction | B1: Export | C1: Export | D1: Export | E1: Export | F1: Export | G1: Export | H1: Export | I1: Export | J1: Export | K1: Export | L1: Export | M1: Export | N1: Export | O1: Export | P1: Export | Q1: Export | R1: Export | S1: Export | T1: Export | U1: Export | V1: Export | W1: Export | X1: Export | Y1: Export | Z1: Export | AA1: Export | AB1: Export | AC1: Export | AD1: Export | AE1: Export | AF1: Export | AG1: Export | AH1: Export | AI1: Export | AJ1: Export | AK1: Export | AL1: Export | AM1: Export | AN1: Export | AO1: Export | AP1: Export | AQ1: Export | AR1: Export | AS1: Export | AT1: Export | AU1: Export | AV1: Export | AW1: Export | AX1: Export | AY1: Export | AZ1: Export | BA1: Export | BB1: Import | BC1: Import | BD1: Import | BE1: Import | BF1: Import | BG1: Import | BH1: Import | BI1: Import | BJ1: Import | BK1: Import | BL1: Import | BM1: Import | BN1: Import | BO1: Import | BP1: Import | BQ1: Import | BR1: Import | BS1: Import | BT1: Import | BU1: Import | BV1: Import | BW1: Import | BX1: Import | BY1: Import | BZ1: Import | CA1: Import | CB1: Import | CC1: Import | CD1: Import | CE1: Import | CF1: Import | CG1: Import | CH1: Import | CI1: Import | CJ1: Import | CK1: Import | CL1: Import | CM1: Import | CN1: Import | CO1: Import | CP1: Import | CQ1: Import | CR1: Import | CS1: Import | CT1: Import | CU1: Import | CV1: Import | CW1: Import | CX1: Import | CY1: Import | CZ1: Import | DA1: Import | DB1: Import | DC1: Import | DD1: Import | DE1: Import | DF1: Import | DG1: Import | DH1: Import | DI1: Import | DJ1: Export | DK1: Export | DL1: Export | DM1: Export | DN1: Export | DO1: Export | DP1: Export | DQ1: Export | DR1: Export | DS1: Export | DT1: Export | DU1: Export | DV1: Export | DW1: Export | DX1: Export | DY1: Export | DZ1: Export | EA1: Export | EB1: Export | EC1: Export | ED1: Export | EE1: Export | EF1: Export | EG1: Export | EH1: Export | EI1: Export | EJ1: Import | EK1: Import | EL1: Import | EM1: Import | EN1: Import | EO1: Import | EP1: Import | EQ1: Import | ER1: Import | ES1: Import | ET1: Import | EU1: Import | EV1: Import | EW1: Import | EX1: Import | EY1: Import | EZ1: Import | FA1: Import | FB1: Import | FC1: Import | FD1: Import | FE1: Import | FF1: Import | FG1: Import | FH1: Import | FI1: Import | FJ1: Import | FK1: Import | FL1: Import | FM1: Import
A2: Data Type | B2: Price Index | C2: Price Index | D2: Price Index | E2: Price Index | F2: Price Index | G2: Price Index | H2: Price Index | I2: Price Index | J2: Price Index | K2: Price Index | L2: Price Index | M2: Price Index | N2: Price Index | O2: Price Index | P2: Price Index | Q2: Price Index | R2: Price Index | S2: Price Index | T2: Price Index | U2: Price Index | V2: Price Index | W2: Price Index | X2: Price Index | Y2: Price Index | Z2: Price Index | AA2: Price Index | AB2: Quantity Index | AC2: Quantity Index | AD2: Quantity Index | AE2: Quantity Index | AF2: Quantity Index | AG2: Quantity Index | AH2: Quantity Index | AI2: Quantity Index | AJ2: Quantity Index | AK2: Quantity Index | AL2: Quantity Index | AM2: Quantity Index | AN2: Quantity Index | AO2: Quantity Index | AP2: Quantity Index | AQ2: Quantity Index | AR2: Quantity Index | AS2: Quantity Index | AT2: Quantity Index | AU2: Quantity Index | AV2: Quantity Index | AW2: Quantity Index | AX2: Quantity Index | AY2: Quantity Index | AZ2: Quantity Index | BA2: Quantity Index | BB2: Price Index | BC2: Price Index | BD2: Price Index | BE2: Price Index | BF2: Price Index | BG2: Price Index | BH2: Price Index | BI2: Price Index | BJ2: Price Index | BK2: Price Index | BL2: Price Index | BM2: Price Index | BN2: Price Index | BO2: Price Index | BP2: Price Index | BQ2: Price Index | BR2: Price Index | BS2: Price Index | BT2: Price Index | BU2: Price Index | BV2: Price Index | BW2: Price Index | BX2: Price Index | BY2: Price Index | BZ2: Price Index | CA2: Price Index | CB2: Price Index | CC2: Price Index | CD2: Price Index | CE2: Price Index | CF2: Quantity Index | CG2: Quantity Index | CH2: Quantity Index | CI2: Quantity Index | CJ2: Quantity Index | CK2: Quantity Index | CL2: Quantity Index | CM2: Quantity Index | CN2: Quantity Index | CO2: Quantity Index | CP2: Quantity Index | CQ2: Quantity Index | CR2: Quantity Index | CS2: Quantity Index | CT2: Quantity Index | CU2: Quantity Index | CV2: Quantity Index | CW2: Quantity Index | CX2: Quantity Index | CY2: Quantity Index | CZ2: Quantity Index | DA2: Quantity Index | DB2: Quantity Index | DC2: Quantity Index | DD2: Quantity Index | DE2: Quantity Index | DF2: Quantity Index | DG2: Quantity Index | DH2: Quantity Index | DI2: Quantity Index | DJ2: $mn | DK2: $mn | DL2: $mn | DM2: $mn | DN2: $mn | DO2: $mn | DP2: $mn | DQ2: $mn | DR2: $mn | DS2: $mn | DT2: $mn | DU2: $mn | DV2: $mn | DW2: $mn | DX2: $mn | DY2: $mn | DZ2: $mn | EA2: $mn | EB2: $mn | EC2: $mn | ED2: $mn | EE2: $mn | EF2: $mn | EG2: $mn | EH2: $mn | EI2: $mn | EJ2: $mn | EK2: $mn | EL2: $mn | EM2: $mn | EN2: $mn | EO2: $mn | EP2: $mn | EQ2: $mn | ER2: $mn | ES2: $mn | ET2: $mn | EU2: $mn | EV2: $mn | EW2: $mn | EX2: $mn | EY2: $mn | EZ2: $mn | FA2: $mn | FB2: $mn | FC2: $mn | FD2: $mn | FE2: $mn | FF2: $mn | FG2: $mn | FH2: $mn | FI2: $mn | FJ2: $mn | FK2: $mn | FL2: $mn | FM2: $mn
A3: Good Name | B3: =IF(B$1="Export",INDEX(CodesIndex!$B$3:$B$200,MATCH(B$4,CodesIndex!$A$3:$A$200,0)),IF(B1="Import",INDEX(CodesIndex!$D$3:$D$200,MATCH(B$4,CodesIndex!$C$3:$C$200,0)),NA())) -> Crude animal foods, agricultural | C3: =IF(C$1="Export",INDEX(CodesIndex!$B$3:$B$200,MATCH(C$4,CodesIndex!$A$3:$A$200,0)),IF(C1="Import",INDEX(CodesIndex!$D$3:$D$200,MATCH(C$4,CodesIndex!$C$3:$C$200,0)),NA())) -> Grains | D3: =IF(D$1="Export",INDEX(CodesIndex!$B$3:$B$200,MATCH(D$4,CodesIndex!$A$3:$A$200,0)),IF(D1="Import",INDEX(CodesIndex!$D$3:$D$200,MATCH(D$4,CodesIndex!$C$3:$C$200,0)),NA())) -> Beef | E3: =IF(E$1="Export",INDEX(CodesIndex!$B$3:$B$200,MATCH(E$4,CodesIndex!$A$3:$A$200,0)),IF(E1="Import",INDEX(CodesIndex!$D$3:$D$200,MATCH(E$4,CodesIndex!$C$3:$C$200,0)),NA())) -> Pork and related products | F3: =IF(F$1="Export",INDEX(CodesIndex!$B$3:$B$200,MATCH(F$4,CodesIndex!$A$3:$A$200,0)),IF(F1="Import",INDEX(CodesIndex!$D$3:$D$200,MATCH(F$4,CodesIndex!$C$3:$C$200,0)),NA())) -> Lard, oleo, and related products | G3: =IF(G$1="Export",INDEX(CodesIndex!$B$3:$B$200,MATCH(G$4,CodesIndex!$A$3:$A$200,0)),IF(G1="Import",INDEX(CodesIndex!$D$3:$D$200,MATCH(G$4,CodesIndex!$C$3:$C$200,0)),NA())) -> Dairy products, manufactured | H3: =IF(H$1="Export",INDEX(CodesIndex!$B$3:$B$200,MATCH(H$4,CodesIndex!$A$3:$A$200,0)),IF(H1="Import",INDEX(CodesIndex!$D$3:$D$200,MATCH(H$4,CodesIndex!$C$3:$C$200,0)),NA())) -> Flour and other grain products | I3: =IF(I$1="Export",INDEX(CodesIndex!$B$3:$B$200,MATCH(I$4,CodesIndex!$A$3:$A$200,0)),IF(I1="Import",INDEX(CodesIndex!$D$3:$D$200,MATCH(I$4,CodesIndex!$C$3:$C$200,0)),NA())) -> Vegetable oil, cake, and meal | ... FM3: =IF(FM$1="Export",INDEX(CodesIndex!$B$3:$B$200,MATCH(FM$4,CodesIndex!$A$3:$A$200,0)),IF(FM1="Import",INDEX(CodesIndex!$D$3:$D$200,MATCH(FM$4,CodesIndex!$C$3:$C$200,0)),NA())) -> Chemicals, semimanufactured
A4: Good # | B4: 1 | C4: 5 | D4: 8 | E4: 9 | F4: 11 | G4: 12 | H4: 14 | I4: 15 | J4: 25 | K4: 28 | L4: 42 | M4: 44 | N4: 52 | O4: 55 | P4: 57 | Q4: 59 | R4: 60 | S4: 61 | T4: 66 | U4: 67 | V4: 69 | W4: 70 | X4: 71 | Y4: 72 | Z4: 74 | AA4: 75 | AB4: 1 | AC4: 5 | AD4: 8 | AE4: 9 | AF4: 11 | AG4: 12 | AH4: 14 | AI4: 15 | AJ4: 25 | AK4: 28 | AL4: 42 | AM4: 44 | AN4: 52 | AO4: 55 | AP4: 57 | AQ4: 59 | AR4: 60 | AS4: 61 | AT4: 66 | AU4: 67 | AV4: 69 | AW4: 70 | AX4: 71 | AY4: 72 | AZ4: 74 | BA4: 75 | BB4: 7 | BC4: 8 | BD4: 9 | BE4: 10 | BF4: 11 | BG4: 19 | BH4: 24 | BI4: 26 | BJ4: 36 | BK4: 47 | BL4: 49 | BM4: 51 | BN4: 53 | BO4: 54 | BP4: 56 | BQ4: 57 | BR4: 59 | BS4: 62 | BT4: 63 | BU4: 65 | BV4: 66 | BW4: 69 | BX4: 72 | BY4: 73 | BZ4: 76 | CA4: 77 | CB4: 78 | CC4: 81 | CD4: 82 | CE4: 86 | CF4: 7 | CG4: 8 | CH4: 9 | CI4: 10 | CJ4: 11 | CK4: 19 | CL4: 24 | CM4: 26 | CN4: 36 | CO4: 47 | CP4: 49 | CQ4: 51 | CR4: 53 | CS4: 54 | CT4: 56 | CU4: 57 | CV4: 59 | CW4: 62 | CX4: 63 | CY4: 65 | CZ4: 66 | DA4: 69 | DB4: 72 | DC4: 73 | DD4: 76 | DE4: 77 | DF4: 78 | DG4: 81 | DH4: 82 | DI4: 86 | DJ4: 1 | DK4: 5 | DL4: 8 | DM4: 9 | DN4: 11 | DO4: 12 | DP4: 14 | DQ4: 15 | DR4: 25 | DS4: 28 | DT4: 42 | DU4: 44 | DV4: 52 | DW4: 55 | DX4: 57 | DY4: 59 | DZ4: 60 | EA4: 61 | EB4: 66 | EC4: 67 | ED4: 69 | EE4: 70 | EF4: 71 | EG4: 72 | EH4: 74 | EI4: 75 | EJ4: 7 | EK4: 8 | EL4: 9 | EM4: 10 | EN4: 11 | EO4: 19 | EP4: 24 | EQ4: 26 | ER4: 36 | ES4: 47 | ET4: 49 | EU4: 51 | EV4: 53 | EW4: 54 | EX4: 56 | EY4: 57 | EZ4: 59 | FA4: 62 | FB4: 63 | FC4: 65 | FD4: 66 | FE4: 69 | FF4: 72 | FG4: 73 | FH4: 76 | FI4: 77 | FJ4: 78 | FK4: 81 | FL4: 82 | FM4: 86
A10: 1879 | B10: 56.2 | C10: 105.7 | D10: 70.1 | E10: 52.1 | F10: 65.3 | G10: 54.5 | H10: 115.2 | I10: 87.1 | J10: 64.6 | K10: 85.8 | L10: 81.2 | M10: 106.7 | N10: 60.1 | O10: #N/A | P10: 81.1 | Q10: 124.7 | R10: #N/A | S10: 127.4 | T10: 79.9 | U10: #N/A | V10: 169 | W10: 124.2 | X10: 116.2 | Y10: #N/A | Z10: #N/A | AA10: 98.2 | AB10: 305.2 | AC10: 155.1 | AD10: 613.6 | AE10: 167.2 | AF10: 48.8 | AG10: 1237.3 | AH10: 48.5 | AI10: 21 | AJ10: 41.6 | AK10: 17.5 | AL10: 39.9 | AM10: 20.3 | AN10: 19.3 | AO10: #N/A | AP10: 3.6 | AQ10: 19.6 | AR10: #N/A | AS10: 19.6 | AT10: 3 | AU10: #N/A | AV10: 0.2 | AW10: 3.5 | AX10: 4.1 | AY10: #N/A | AZ10: #N/A | BA10: 12.4 | BB10: 94 | BC10: 144.3 | BD10: 101.2 | BE10: 157.1 | BF10: #N/A | BG10: 184.9 | BH10: 87.8 | BI10: 95.6 | BJ10: 74.6 | BK10: #N/A | BL10: #N/A | BM10: 91.9 | BN10: 117.4 | BO10: 86 | BP10: 89.7 | BQ10: 144 | BR10: 108.3 | BS10: 121.8 | BT10: 51.5 | BU10: #N/A | BV10: #N/A | BW10: #N/A | BX10: #N/A | BY10: 63.6 | BZ10: 87.5 | CA10: 73.9 | CB10: 44.3 | CC10: 108.2 | CD10: 175 | CE10: 132.3 | CF10: 26.4 | CG10: 83.9 | CH10: 52.5 | CI10: 4.3 | CJ10: #N/A | CK10: 37.5 | CL10: 11.3 | CM10: 19.7 | CN10: 1.4 | CO10: #N/A | CP10: #N/A | CQ10: 18.5 | CR10: 31.8 | CS10: 43.6 | CT10: 167.8 | CU10: 8.6 | CV10: 76.5 | CW10: 19.7 | CX10: 40.6 | CY10: #N/A | CZ10: #N/A | DA10: #N/A | DB10: #N/A | DC10: 16.8 | DD10: 66.4 | DE10: 4.5 | DF10: 9.5 | DG10: 166.3 | DH10: 27.1 | DI10: 19.2 | DJ10: 10.1 | DK10: 217.5 | DL10: 16.6 | DM10: 53.8 | DN10: 25.6 | DO10: 17.8 | DP10: 37.7 | DQ10: 8.2 | DR10: 14.2 | DS10: 5.8 | DT10: 186.5 | DU10: 11 | DV10: 10.6 | DW10: 1.2 | DX10: 2 | DY10: 2.1 | DZ10: 0 | EA10: 35.2 | EB10: 3.7 | EC10: 0.7 | ED10: 0.1 | EE10: 5.9 | EF10: 10 | EG10: #N/A | EH10: 3.4 | EI10: 1.6 | EJ10: 11.7 | EK10: 19.9 | EL10: 55.6 | EM10: 1.3 | EN10: #N/A | EO10: 68.4 | EP10: 3.6 | EQ10: 20 | ER10: 8.2 | ES10: 22.9 | ET10: #N/A | EU10: 7.6 | EV10: 19.3 | EW10: 10.8 | EX10: 27.1 | EY10: 11.1 | EZ10: 27 | FA10: 6.2 | FB10: 4.6 | FC10: #N/A | FD10: 3.4 | FE10: #N/A | FF10: #N/A | FG10: 5 | FH10: 10.3 | FI10: 0.1 | FJ10: 5.2 | FK10: 26.2 | FL10: 6.4 | FM10: 24.8
A11: 1880 | B11: 53.8 | C11: 111.4 | D11: 69.1 | E11: 60.1 | F11: 77.8 | G11: 74.6 | H11: 122.3 | I11: 94.5 | J11: 69.1 | K11: 93.6 | L11: 91 | M11: 122.1 | N11: 65.7 | O11: #N/A | P11: 106.9 | Q11: 130.2 | R11: #N/A | S11: 143.5 | T11: 80.1 | U11: #N/A | V11: 232.5 | W11: 138.7 | X11: 123.4 | Y11: #N/A | Z11: #N/A | AA11: 105.1 | AB11: 579.2 | AC11: 160.3 | AD11: 696.2 | AE11: 182.3 | AF11: 59.3 | AG11: 1180.7 | AH11: 52.9 | AI11: 23.2 | AJ11: 49.5 | AK11: 19.7 | AL11: 45.7 | AM11: 18.3 | AN11: 19.9 | AO11: #N/A | AP11: 3.5 | AQ11: 24.3 | AR11: #N/A | AS11: 15.7 | AT11: 1.1 | AU11: #N/A | AV11: 0.2 | AW11: 3.8 | AX11: 4.1 | AY11: #N/A | AZ11: #N/A | BA11: 13 | BB11: 102.1 | BC11: 144.4 | BD11: 114.6 | BE11: 110.8 | BF11: #N/A | BG11: 226.6 | BH11: 93.3 | BI11: 107.5 | BJ11: 86 | BK11: #N/A | BL11: #N/A | BM11: 99 | BN11: 120.5 | BO11: 104.1 | BP11: 90.8 | BQ11: 137.4 | BR11: 105.9 | BS11: 141.3 | BT11: 58.9 | BU11: #N/A | BV11: #N/A | BW11: #N/A | BX11: #N/A | BY11: 67.7 | BZ11: 97.1 | CA11: 94.8 | CB11: 56.8 | CC11: 132.2 | CD11: 189.2 | CE11: 154.5 | CF11: 27.8 | CG11: 79.9 | CH11: 47.3 | CI11: 4.3 | CJ11: #N/A | CK11: 41.5 | CL11: 14.9 | CM11: 27.4 | CN11: 1.5 | CO11: #N/A | CP11: #N/A | CQ11: 21.5 | CR11: 40.6 | CS11: 70 | CT11: 220 | CU11: 9.3 | CV11: 103.9 | CW11: 30.1 | CX11: 57.1 | CY11: #N/A | CZ11: #N/A | DA11: #N/A | DB11: #N/A | DC11: 26.8 | DD11: 87.5 | DE11: 12.1 | DF11: 13.1 | DG11: 301.9 | DH11: 80.9 | DI11: 20.6 | DJ11: 18.3 | DK11: 236.8 | DL11: 18.6 | DM11: 67.7 | DN11: 37.1 | DO11: 23.2 | DP11: 43.7 | DQ11: 9.8 | DR11: 18.1 | DS11: 7.1 | DT11: 239.3 | DU11: 11.3 | DV11: 12 | DW11: 1.2 | DX11: 2.5 | DY11: 2.7 | DZ11: 0 | EA11: 31.8 | EB11: 1.4 | EC11: 0.8 | ED11: 0.2 | EE11: 7.2 | EF11: 10.7 | EG11: #N/A | EH11: 3.8 | EI11: 1.8 | EJ11: 13.4 | EK11: 18.9 | EL11: 56.8 | EM11: 0.9 | EN11: #N/A | EO11: 92.8 | EP11: 5 | EQ11: 31.2 | ER11: 10.2 | ES11: 32.7 | ET11: #N/A | EU11: 9.6 | EV11: 25.4 | EW11: 20.9 | EX11: 36 | EY11: 11.5 | EZ11: 35.9 | FA11: 10.9 | FB11: 7.4 | FC11: #N/A | FD11: 4.8 | FE11: #N/A | FF11: #N/A | FG11: 8.5 | FH11: 15 | FI11: 0.2 | FJ11: 9.1 | FK11: 58.1 | FL11: 20.7 | FM11: 31
A12: 1881 | B12: 68.9 | C12: 114.6 | D12: 76.4 | E12: 73.1 | F12: 100.9 | G12: 72.1 | H12: 124.4 | I12: 96.4 | J12: 72.8 | K12: 87.5 | L12: 87.9 | M12: 113 | N12: 70.1 | O12: #N/A | P12: 109.6 | Q12: 131.7 | R12: #N/A | S12: 136.5 | T12: 83.4 | U12: #N/A | V12: 194 | W12: 126.6 | X12: 112.1 | Y12: #N/A | Z12: #N/A | AA12: 104.3 | AB12: 297.7 | AC12: 122.2 | AD12: 592.1 | AE12: 141.7 | AF12: 45.6 | AG12: 1058.1 | AH12: 51.2 | AI12: 15.9 | AJ12: 47.8 | AK12: 20.3 | AL12: 43.9 | AM12: 23.8 | AN12: 22.2 | AO12: #N/A | AP12: 4.6 | AQ12: 27.7 | AR12: #N/A | AS12: 23.6 | AT12: 1.8 | AU12: #N/A | AV12: 0.4 | AW12: 5.1 | AX12: 5.7 | AY12: #N/A | AZ12: #N/A | BA12: 15 | BB12: 107.9 | BC12: 197.7 | BD12: 89 | BE12: 102.9 | BF12: #N/A | BG12: 224.7 | BH12: 94.3 | BI12: 104.9 | BJ12: 87.1 | BK12: #N/A | BL12: #N/A | BM12: 98.1 | BN12: 114.4 | BO12: 94.4 | BP12: 91.2 | BQ12: 133.3 | BR12: 108.8 | BS12: 126.6 | BT12: 63.3 | BU12: #N/A | BV12: #N/A | BW12: #N/A | BX12: #N/A | BY12: 81.3 | BZ12: 89.2 | CA12: 97.2 | CB12: 58.3 | CC12: 106.7 | CD12: 182.7 | CE12: 138.2 | CF12: 30 | CG12: 95.5 | CH12: 54.7 | CI12: 6.9 | CJ12: #N/A | CK12: 41.9 | CL12: 14.7 | CM12: 26.8 | CN12: 1.6 | CO12: #N/A | CP12: #N/A | CQ12: 25 | CR12: 38.1 | CS12: 35.7 | CT12: 192.4 | CU12: 9.4 | CV12: 95.2 | CW12: 28 | CX12: 59.6 | CY12: #N/A | CZ12: #N/A | DA12: #N/A | DB12: #N/A | DC12: 24.2 | DD12: 93.1 | DE12: 7.5 | DF12: 9.4 | DG12: 250.2 | DH12: 84.8 | DI12: 23.4 | DJ12: 12 | DK12: 185.7 | DL12: 17.5 | DM12: 64 | DN12: 37 | DO12: 20.1 | DP12: 43.1 | DQ12: 6.8 | DR12: 18.4 | DS12: 6.8 | DT12: 222.1 | DU12: 13.6 | DV12: 14.2 | DW12: 1.5 | DX12: 3.4 | DY12: 3.1 | DZ12: 0 | EA12: 45.5 | EB12: 2.3 | EC12: 1.1 | ED12: 0.3 | EE12: 8.7 | EF12: 13.4 | EG12: #N/A | EH12: 4.1 | EI12: 2 | EJ12: 15.3 | EK12: 21.6 | EL12: 50.9 | EM12: 1.4 | EN12: #N/A | EO12: 92.8 | EP12: 5 | EQ12: 29.8 | ER12: 10.9 | ES12: 31.6 | ET12: #N/A | EU12: 11 | EV12: 22.6 | EW12: 9.7 | EX12: 31.6 | EY12: 11.1 | EZ12: 33.8 | FA12: 9.1 | FB12: 8.4 | FC12: #N/A | FD12: 5.2 | FE12: #N/A | FF12: #N/A | FG12: 9.2 | FH12: 14.7 | FI12: 0.1 | FJ12: 6.7 | FK12: 38.9 | FL12: 21 | FM12: 31.6
A13: 1882 | B13: 79.4 | C13: 119.9 | D13: 83.4 | E13: 87.9 | F13: 110.2 | G13: 72.8 | H13: 129 | I13: 101 | J13: 72.1 | K13: 84.3 | L13: 87.7 | M13: 118.8 | N13: 71.8 | O13: #N/A | P13: 109.2 | Q13: 129.2 | R13: 186.7 | S13: 127 | T13: 83.1 | U13: #N/A | V13: 202.1 | W13: 125.4 | X13: 122.6 | Y13: #N/A | Z13: #N/A | AA13: 106.3 | AB13: 131.8 | AC13: 87 | AD13: 423.4 | AE13: 81.7 | AF13: 35.5 | AG13: 693.4 | AH13: 55.8 | AI13: 14.1 | AJ13: 49.4 | AK13: 22.4 | AL13: 44.5 | AM13: 22 | AN13: 28.1 | AO13: #N/A | AP13: 5.3 | AQ13: 30.8 | AR13: 4.9 | AS13: 23.1 | AT13: 1.3 | AU13: #N/A | AV13: 0.5 | AW13: 5.7 | AX13: 6.9 | AY13: #N/A | AZ13: #N/A | BA13: 16.9 | BB13: 114.9 | BC13: 131.2 | BD13: 73.8 | BE13: 104.8 | BF13: #N/A | BG13: 224.8 | BH13: 92.3 | BI13: 108.2 | BJ13: 109.2 | BK13: #N/A | BL13: #N/A | BM13: 105.9 | BN13: 116.1 | BO13: 91.3 | BP13: 91.6 | BQ13: 142.5 | BR13: 107.1 | BS13: 117.8 | BT13: 72.8 | BU13: #N/A | BV13: #N/A | BW13: #N/A | BX13: #N/A | BY13: 69.7 | BZ13: 92.5 | CA13: 106.9 | CB13: 64.1 | CC13: 107 | CD13: 175.3 | CE13: 136.3 | CF13: 35.1 | CG13: 80.2 | CH13: 59.4 | CI13: 6.4 | CJ13: #N/A | CK13: 49.2 | CL13: 17.4 | CM13: 23.8 | CN13: 2.1 | CO13: #N/A | CP13: #N/A | CQ13: 25.8 | CR13: 40.7 | CS13: 43.8 | CT13: 254.2 | CU13: 11.5 | CV13: 119.6 | CW13: 35.9 | CX13: 62 | CY13: #N/A | CZ13: #N/A | DA13: #N/A | DB13: #N/A | DC13: 29.3 | DD13: 101.5 | DE13: 8.7 | DF13: 11.8 | DG13: 304 | DH13: 73.5 | DI13: 25.8 | DJ13: 6.1 | DK13: 138.4 | DL13: 13.7 | DM13: 44.9 | DN13: 31.5 | DO13: 13.3 | DP13: 48.6 | DQ13: 6.4 | DR13: 18.9 | DS13: 7.2 | DT13: 224.6 | DU13: 13.2 | DV13: 18.4 | DW13: 1.7 | DX13: 3.9 | DY13: 3.4 | DZ13: 0.8 | EA13: 41.2 | EB13: 1.6 | EC13: 1.1 | ED13: 0.3 | EE13: 9.7 | EF13: 17.6 | EG13: #N/A | EH13: 4.7 | EI13: 2.3 | EJ13: 20 | EK13: 17.3 | EL13: 45.9 | EM13: 1.3 | EN13: #N/A | EO13: 109.1 | EP13: 5.8 | EQ13: 27.2 | ER13: 17.6 | ES13: 37.2 | ET13: #N/A | EU13: 12.3 | EV13: 24.6 | EW13: 11.5 | EX13: 41.9 | EY13: 14.6 | EZ13: 41.8 | FA13: 10.9 | FB13: 10 | FC13: #N/A | FD13: 6 | FE13: #N/A | FF13: #N/A | FG13: 9.7 | FH13: 16.6 | FI13: 0.2 | FJ13: 9.8 | FK13: 47.4 | FL13: 17.4 | FM13: 34.4
A14: 1883 | B14: 74 | C14: 114 | D14: 80.2 | E14: 83.1 | F14: 94.8 | G14: 69 | H14: 122 | I14: 89.8 | J14: 71.8 | K14: 86.8 | L14: 81.6 | M14: 112.5 | N14: 72.5 | O14: #N/A | P14: 108.2 | Q14: 129.7 | R14: 195.8 | S14: 128.4 | T14: 86.1 | U14: #N/A | V14: 176 | W14: 116.9 | X14: 124.3 | Y14: #N/A | Z14: #N/A | AA14: 103 | AB14: 419.4 | AC14: 80.9 | AD14: 622.1 | AE14: 98.5 | AF14: 44.1 | AG14: 881.4 | AH14: 68.6 | AI14: 19.7 | AJ14: 52.5 | AK14: 20.7 | AL14: 47.9 | AM14: 21.6 | AN14: 26.8 | AO14: #N/A | AP14: 7 | AQ14: 40.4 | AR14: 7 | AS14: 23.9 | AT14: 2.8 | AU14: #N/A | AV14: 0.4 | AW14: 5.4 | AX14: 7.8 | AY14: #N/A | AZ14: #N/A | BA14: 18 | BB14: 109.1 | BC14: 111.3 | BD14: 67.2 | BE14: 100.4 | BF14: #N/A | BG14: 203.7 | BH14: 88.5 | BI14: 104.7 | BJ14: 99.3 | BK14: #N/A | BL14: #N/A | BM14: 101.8 | BN14: 117.1 | BO14: 85.7 | BP14: 86.9 | BQ14: 122.8 | BR14: 108.3 | BS14: 115.8 | BT14: 72 | BU14: #N/A | BV14: #N/A | BW14: #N/A | BX14: #N/A | BY14: 53.3 | BZ14: 90.4 | CA14: 98.1 | CB14: 58.9 | CC14: 106.8 | CD14: 161.4 | CE14: 131.6 | CF14: 35 | CG14: 84 | CH14: 61.7 | CI14: 7.3 | CJ14: #N/A | CK14: 50.7 | CL14: 25.9 | CM14: 20.9 | CN14: 1.9 | CO14: #N/A | CP14: #N/A | CQ14: 25.8 | CR14: 39.9 | CS14: 47.9 | CT14: 273.5 | CU14: 12.3 | CV14: 100.5 | CW14: 31.2 | CX14: 57 | CY14: #N/A | CZ14: #N/A | DA14: #N/A | DB14: #N/A | DC14: 38.9 | DD14: 100.5 | DE14: 7.3 | DF14: 11.9 | DG14: 231.9 | DH14: 44.9 | DI14: 26.8 | DJ14: 18.2 | DK14: 122.3 | DL14: 19.3 | DM14: 51.1 | DN14: 33.6 | DO14: 16.1 | DP14: 56.5 | DQ14: 7.9 | DR14: 20 | DS14: 6.9 | DT14: 224.7 | DU14: 12.3 | DV14: 17.7 | DW14: 1.4 | DX14: 5.1 | DY14: 4.4 | DZ14: 1.1 | EA14: 43.3 | EB14: 3.7 | EC14: 1.1 | ED14: 0.3 | EE14: 8.4 | EF14: 20.2 | EG14: #N/A | EH14: 4.1 | EI14: 2.4 | EJ14: 19 | EK14: 15.3 | EL14: 43.4 | EM14: 1.4 | EN14: #N/A | EO14: 101.8 | EP14: 8.3 | EQ14: 23.1 | ER14: 14.8 | ES14: 34.3 | ET14: #N/A | EU14: 11.8 | EV14: 24.3 | EW14: 11.8 | EX14: 42.8 | EY14: 13.5 | EZ14: 35.5 | FA14: 9.3 | FB14: 9.1 | FC14: #N/A | FD14: 5.1 | FE14: #N/A | FF14: #N/A | FG14: 9.8 | FH14: 16 | FI14: 0.1 | FJ14: 9.1 | FK14: 36.1 | FL14: 9.8 | FM14: 34.4
A15: 1884 | B15: 75.2 | C15: 97.7 | D15: 79 | E15: 79.9 | F15: 82.8 | G15: 65.6 | H15: 110.8 | I15: 92.7 | J15: 83.9 | K15: 90.9 | L15: 82.8 | M15: 105 | N15: 67.8 | O15: #N/A | P15: 100.9 | Q15: 132 | R15: 206.3 | S15: 130.1 | T15: 79.5 | U15: #N/A | V15: 146.1 | W15: 119.2 | X15: 128.5 | Y15: #N/A | Z15: #N/A | AA15: 100.5 | AB15: 332.5 | AC15: 77.2 | AD15: 587.7 | AE15: 81.7 | AF15: 36.4 | AG15: 876.2 | AH15: 71.1 | AI15: 21 | AJ15: 44.9 | AK15: 22.8 | AL15: 46.5 | AM15: 20.3 | AN15: 26.3 | AO15: #N/A | AP15: 7.3 | AQ15: 54.6 | AR15: 8.4 | AS15: 23.6 | AT15: 3.4 | AU15: #N/A | AV15: 0.4 | AW15: 4.7 | AX15: 6.2 | AY15: #N/A | AZ15: #N/A | BA15: 15.7 | BB15: 108.4 | BC15: 106.1 | BD15: 73.3 | BE15: 103.8 | BF15: #N/A | BG15: 153.7 | BH15: 90.8 | BI15: 106 | BJ15: 66.1 | BK15: #N/A | BL15: #N/A | BM15: 91.1 | BN15: 104.4 | BO15: 82.8 | BP15: 86.6 | BQ15: 118.4 | BR15: 100.3 | BS15: 109 | BT15: 68.6 | BU15: #N/A | BV15: #N/A | BW15: #N/A | BX15: #N/A | BY15: 56.6 | BZ15: 92.3 | CA15: 84.9 | CB15: 50.9 | CC15: 101.6 | CD15: 159 | CE15: 134.7 | CF15: 34.1 | CG15: 84.9 | CH15: 61.1 | CI15: 7.3 | CJ15: #N/A | CK15: 58.6 | CL15: 19.4 | CM15: 20 | CN15: 1.9 | CO15: #N/A | CP15: #N/A | CQ15: 27.9 | CR15: 44 | CS15: 44.1 | CT15: 252.3 | CU15: 12.3 | CV15: 101.8 | CW15: 37.1 | CX15: 60.5 | CY15: #N/A | CZ15: #N/A | DA15: #N/A | DB15: #N/A | DC15: 29.1 | DD15: 85.7 | DE15: 20 | DF15: 11.7 | DG15: 193.5 | DH15: 33.8 | DI15: 23.5 | DJ15: 14.7 | DK15: 100 | DL15: 18 | DM15: 40.8 | DN15: 24.3 | DO15: 15.2 | DP15: 53.2 | DQ15: 8.7 | DR15: 20 | DS15: 8 | DT15: 221.6 | DU15: 10.8 | DV15: 16.2 | DW15: 1.3 | DX15: 5 | DY15: 6.1 | DZ15: 1.4 | EA15: 43.4 | EB15: 4.1 | EC15: 1.3 | ED15: 0.2 | EE15: 7.5 | EF15: 16.5 | EG15: #N/A | EH15: 4.1 | EI15: 2 | EJ15: 18.5 | EK15: 14.8 | EL15: 46.9 | EM15: 1.5 | EN15: #N/A | EO15: 88.8 | EP15: 6.4 | EQ15: 22.5 | ER15: 10.2 | ES15: 30.2 | ET15: #N/A | EU15: 11.4 | EV15: 26.6 | EW15: 10.5 | EX15: 39.3 | EY15: 13.1 | EZ15: 33.3 | FA15: 10.4 | FB15: 9.2 | FC15: #N/A | FD15: 5 | FE15: #N/A | FF15: #N/A | FG15: 7.8 | FH15: 14 | FI15: 0.3 | FJ15: 7.7 | FK15: 28.6 | FL15: 7.3 | FM15: 30.9
A16: 1885 | B16: 65.1 | C16: 92.4 | D16: 72.8 | E16: 64.5 | F16: 71.4 | G16: 55.9 | H16: 101.2 | I16: 85.1 | J16: 79.1 | K16: 90.3 | L16: 80.8 | M16: 94.7 | N16: 65 | O16: #N/A | P16: 93 | Q16: 127.9 | R16: 212.6 | S16: 126.9 | T16: 68.2 | U16: #N/A | V16: 125.8 | W16: 113 | X16: 116.9 | Y16: #N/A | Z16: #N/A | AA16: 89.4 | AB16: 375.6 | AC16: 67.7 | AD16: 668.3 | AE16: 99.9 | AF16: 45.8 | AG16: 762.8 | AH16: 72.6 | AI16: 24.1 | AJ16: 63.5 | AK16: 22.9 | AL16: 39.7 | AM16: 26.6 | AN16: 25.6 | AO16: #N/A | AP16: 6.6 | AQ16: 55.8 | AR16: 10.7 | AS16: 24.4 | AT16: 4 | AU16: #N/A | AV16: 0.5 | AW16: 4.3 | AX16: 5.1 | AY16: #N/A | AZ16: #N/A | BA16: 15.4 | BB16: 109.9 | BC16: 106.9 | BD16: 63.9 | BE16: 108.1 | BF16: #N/A | BG16: 135.5 | BH16: 90.5 | BI16: 102.2 | BJ16: 58.6 | BK16: #N/A | BL16: #N/A | BM16: 81.5 | BN16: 97.1 | BO16: 75.4 | BP16: 83.3 | BQ16: 111.1 | BR16: 94.7 | BS16: 103 | BT16: 64.5 | BU16: #N/A | BV16: #N/A | BW16: #N/A | BX16: #N/A | BY16: 46.5 | BZ16: 84.7 | CA16: 86.8 | CB16: 52.1 | CC16: 92.7 | CD16: 153.5 | CE16: 119.5 | CF16: 32.2 | CG16: 83.3 | CH16: 66.4 | CI16: 6.8 | CJ16: #N/A | CK16: 61.1 | CL16: 25.9 | CM16: 20.8 | CN16: 2.1 | CO16: #N/A | CP16: #N/A | CQ16: 31 | CR16: 44 | CS16: 59.6 | CT16: 237.1 | CU16: 14.2 | CV16: 82.4 | CW16: 32.4 | CX16: 54.8 | CY16: #N/A | CZ16: #N/A | DA16: #N/A | DB16: #N/A | DC16: 36 | DD16: 82.3 | DE16: 22.2 | DF16: 11.4 | DG16: 184.8 | DH16: 25.2 | DI16: 24.4 | DJ16: 14.3 | DK16: 83.1 | DL16: 18.8 | DM16: 40.3 | DN16: 26.3 | DO16: 11.3 | DP16: 49.6 | DQ16: 9.1 | DR16: 26.6 | DS16: 8 | DT16: 184.4 | DU16: 12.7 | DV16: 15.1 | DW16: 1.5 | DX16: 4.1 | DY16: 6 | DZ16: 1.9 | EA16: 43.6 | EB16: 4.1 | EC16: 1.2 | ED16: 0.2 | EE16: 6.6 | EF16: 12.5 | EG16: #N/A | EH16: 4 | EI16: 1.8 | EJ16: 17.7 | EK16: 14.6 | EL16: 44.4 | EM16: 1.4 | EN16: #N/A | EO16: 81.7 | EP16: 8.5 | EQ16: 22.6 | ER16: 9.7 | ES16: 27.9 | ET16: #N/A | EU16: 11.4 | EV16: 24.7 | EW16: 12.9 | EX16: 35.6 | EY16: 14.1 | EZ16: 25.5 | FA16: 8.6 | FB16: 7.8 | FC16: #N/A | FD16: 4.8 | FE16: #N/A | FF16: #N/A | FG16: 7.9 | FH16: 12.3 | FI16: 0.4 | FJ16: 7.7 | FK16: 24.9 | FL16: 5.2 | FM16: 28.5
A17: 1886 | B17: 64.5 | C17: 86.4 | D17: 68.4 | E17: 59.5 | F17: 64.4 | G17: 57.4 | H17: 95.9 | I17: 77.7 | J17: 77.2 | K17: 83.3 | L17: 74.7 | M17: 92.4 | N17: 64 | O17: #N/A | P17: 90.9 | Q17: 114.4 | R17: 193.9 | S17: 116.2 | T17: 64.6 | U17: #N/A | V17: 117.8 | W17: 103.1 | X17: 113.3 | Y17: #N/A | Z17: #N/A | AA17: 87.4 | AB17: 303.2 | AC17: 91.1 | AD17: 529.4 | AE17: 103.5 | AF17: 50.6 | AG17: 660.7 | AH17: 73 | AI17: 27.8 | AJ17: 69.4 | AK17: 24.5 | AL17: 50.1 | AM17: 31.9 | AN17: 23 | AO17: #N/A | AP17: 6.8 | AQ17: 52.3 | AR17: 11.6 | AS17: 26.3 | AT17: 2.3 | AU17: #N/A | AV17: 0.7 | AW17: 4.8 | AX17: 5 | AY17: #N/A | AZ17: #N/A | BA17: 17.6 | BB17: 99.7 | BC17: 101.7 | BD17: 65.2 | BE17: 106.9 | BF17: #N/A | BG17: 139.5 | BH17: 89.4 | BI17: 94.9 | BJ17: 69.9 | BK17: #N/A | BL17: #N/A | BM17: 78.4 | BN17: 91.9 | BO17: 72.4 | BP17: 81 | BQ17: 120.6 | BR17: 94.8 | BS17: 90.5 | BT17: 66.7 | BU17: #N/A | BV17: #N/A | BW17: #N/A | BX17: #N/A | BY17: 50.8 | BZ17: 79.7 | CA17: 101.1 | CB17: 60.6 | CC17: 87.1 | CD17: 143.6 | CE17: 119.2 | CF17: 34.9 | CG17: 95.1 | CH17: 64.6 | CI17: 8.9 | CJ17: #N/A | CK17: 64.7 | CL17: 23.8 | CM17: 26.6 | CN17: 2.6 | CO17: #N/A | CP17: #N/A | CQ17: 30.5 | CR17: 51.2 | CS17: 83.5 | CT17: 290.8 | CU17: 17.4 | CV17: 96.4 | CW17: 34.9 | CX17: 57 | CY17: #N/A | CZ17: #N/A | DA17: #N/A | DB17: #N/A | DC17: 43.6 | DD17: 96.7 | DE17: 18.6 | DF17: 14.5 | DG17: 262.1 | DH17: 34.4 | DI17: 26.3 | DJ17: 11.5 | DK17: 104.4 | DL17: 14 | DM17: 38.5 | DN17: 26.2 | DO17: 10 | DP17: 47.3 | DQ17: 9.6 | DR17: 28.3 | DS17: 7.8 | DT17: 215.4 | DU17: 14.9 | DV17: 13.4 | DW17: 1.5 | DX17: 4.2 | DY17: 5.1 | DZ17: 1.8 | EA17: 43.1 | EB17: 2.3 | EC17: 1 | ED17: 0.3 | EE17: 6.6 | EF17: 11.8 | EG17: #N/A | EH17: 4.6 | EI17: 2 | EJ17: 17.4 | EK17: 15.9 | EL17: 44.1 | EM17: 1.9 | EN17: #N/A | EO17: 89 | EP17: 7.7 | EQ17: 26.7 | ER17: 14.2 | ES17: 30.7 | ET17: #N/A | EU17: 10.8 | EV17: 27.3 | EW17: 17.4 | EX17: 42.4 | EY17: 18.9 | EZ17: 29.8 | FA17: 8.1 | FB17: 8.4 | FC17: #N/A | FD17: 5.5 | FE17: #N/A | FF17: #N/A | FG17: 10.5 | FH17: 13.6 | FI17: 0.3 | FJ17: 11.3 | FK17: 33.2 | FL17: 6.7 | FM17: 30.6
A18: 1887 | B18: 57.9 | C18: 89.8 | D18: 62.3 | E18: 66.1 | F18: 68.7 | G18: 66.6 | H18: 96.7 | I18: 80.6 | J18: 69.2 | K18: 83.5 | L18: 75.1 | M18: 94.1 | N18: 69.1 | O18: #N/A | P18: 95.1 | Q18: 109.9 | R18: 178.4 | S18: 109.8 | T18: 65 | U18: #N/A | V18: 125.1 | W18: 102 | X18: 111.5 | Y18: #N/A | Z18: #N/A | AA18: 87.5 | AB18: 277.9 | AC18: 86.7 | AD18: 522.7 | AE18: 95.8 | AF18: 47.7 | AG18: 636.1 | AH18: 88.6 | AI18: 23 | AJ18: 57.2 | AK18: 28.6 | AL18: 50 | AM18: 28.7 | AN18: 23.3 | AO18: #N/A | AP18: 8.5 | AQ18: 55.3 | AR18: 14 | AS18: 27 | AT18: 1.7 | AU18: #N/A | AV18: 0.5 | AW18: 5.3 | AX18: 5.7 | AY18: #N/A | AZ18: #N/A | BA18: 18.9 | BB18: 108.4 | BC18: 94.3 | BD18: 113.9 | BE18: 109 | BF18: #N/A | BG18: 123.4 | BH18: 93.6 | BI18: 84.9 | BJ18: 71.1 | BK18: #N/A | BL18: #N/A | BM18: 93.6 | BN18: 93.8 | BO18: 85.5 | BP18: 83.4 | BQ18: 122.7 | BR18: 93.6 | BS18: 83.7 | BT18: 67.2 | BU18: #N/A | BV18: #N/A | BW18: #N/A | BX18: #N/A | BY18: 53.8 | BZ18: 76.4 | CA18: 103.8 | CB18: 62.3 | CC18: 85.3 | CD18: 133 | CE18: 115.6 | CF18: 39.5 | CG18: 94.6 | CH18: 51.9 | CI18: 8.4 | CJ18: #N/A | CK18: 62.5 | CL18: 31.8 | CM18: 26.4 | CN18: 2.6 | CO18: #N/A | CP18: #N/A | CQ18: 32.8 | CR18: 51.6 | CS18: 63.6 | CT18: 288 | CU18: 17.5 | CV18: 108.1 | CW18: 42.5 | CX18: 63.6 | CY18: #N/A | CZ18: #N/A | DA18: #N/A | DB18: #N/A | DC18: 46.9 | DD18: 111.9 | DE18: 10.4 | DF18: 14.3 | DG18: 355.9 | DH18: 56.8 | DI18: 28 | DJ18: 9.4 | DK18: 103.4 | DL18: 12.6 | DM18: 39.5 | DN18: 26.4 | DO18: 11.2 | DP18: 57.9 | DQ18: 8.3 | DR18: 20.9 | DS18: 9.2 | DT18: 216 | DU18: 13.7 | DV18: 14.7 | DW18: 1.5 | DX18: 5.5 | DY18: 5.1 | DZ18: 2 | EA18: 41.8 | EB18: 1.7 | EC18: 1.3 | ED18: 0.2 | EE18: 7.3 | EF18: 13.2 | EG18: #N/A | EH18: 5 | EI18: 2.1 | EJ18: 21.4 | EK18: 14.6 | EL18: 61.9 | EM18: 1.8 | EN18: #N/A | EO18: 76 | EP18: 10.8 | EQ18: 23.7 | ER18: 14.4 | ES18: 30.2 | ET18: #N/A | EU18: 13.8 | EV18: 28.1 | EW18: 15.6 | EX18: 43.2 | EY18: 19.3 | EZ18: 33 | FA18: 9.2 | FB18: 9.5 | FC18: #N/A | FD18: 6.3 | FE18: #N/A | FF18: #N/A | FG18: 12 | FH18: 15.1 | FI18: 0.2 | FJ18: 11.5 | FK18: 44.2 | FL18: 10.2 | FM18: 31.6
A19: 1888 | B19: 64.2 | C19: 93.7 | D19: 65.6 | E19: 71.4 | F19: 80.3 | G19: 61.5 | H19: 99.6 | I19: 81.6 | J19: 74.8 | K19: 74.3 | L19: 77.7 | M19: 101.3 | N19: 71.6 | O19: #N/A | P19: 100 | Q19: 121.3 | R19: 174.8 | S19: 116.6 | T19: 96.8 | U19: #N/A | V19: 121.7 | W19: 97.5 | X19: 116.7 | Y19: #N/A | Z19: #N/A | AA19: 87.3 | AB19: 359.7 | AC19: 51.5 | AD19: 640.4 | AE19: 79.6 | AF19: 40.3 | AG19: 576.3 | AH19: 78.3 | AI19: 22.4 | AJ19: 47.2 | AK19: 29.8 | AL19: 50.4 | AM19: 20.8 | AN19: 26.1 | AO19: #N/A | AP19: 10.2 | AQ19: 53.2 | AR19: 14.7 | AS19: 26 | AT19: 3.6 | AU19: #N/A | AV19: 1.2 | AW19: 6.5 | AX19: 6.6 | AY19: #N/A | AZ19: #N/A | BA19: 19.3 | BB19: 96.2 | BC19: 84.8 | BD19: 100.3 | BE19: 106.3 | BF19: #N/A | BG19: 142.1 | BH19: 94.3 | BI19: 75.4 | BJ19: 63.4 | BK19: #N/A | BL19: #N/A | BM19: 99.9 | BN19: 89.6 | BO19: 78.6 | BP19: 79.9 | BQ19: 109.6 | BR19: 92.6 | BS19: 88.3 | BT19: 66.3 | BU19: #N/A | BV19: #N/A | BW19: #N/A | BX19: #N/A | BY19: 47.1 | BZ19: 74.9 | CA19: 112.5 | CB19: 67.5 | CC19: 85.8 | CD19: 135.3 | CE19: 106.8 | CF19: 42.8 | CG19: 98.7 | CH19: 61.4 | CI19: 11.2 | CJ19: #N/A | CK19: 62.8 | CL19: 26.7 | CM19: 31.5 | CN19: 2.8 | CO19: #N/A | CP19: #N/A | CQ19: 39.1 | CR19: 58.9 | CS19: 64.3 | CT19: 332.2 | CU19: 19.8 | CV19: 110 | CW19: 42.9 | CX19: 64.6 | CY19: #N/A | CZ19: #N/A | DA19: #N/A | DB19: #N/A | DC19: 52.9 | DD19: 117.5 | DE19: 19.9 | DF19: 15.2 | DG19: 253.5 | DH19: 47.4 | DI19: 29 | DJ19: 13.5 | DK19: 64 | DL19: 16.2 | DM19: 35.5 | DN19: 26 | DO19: 9.4 | DP19: 52.7 | DQ19: 8.2 | DR19: 18.7 | DS19: 8.5 | DT19: 225.1 | DU19: 10.7 | DV19: 17.1 | DW19: 1.6 | DX19: 6.9 | DY19: 5.5 | DZ19: 2.1 | EA19: 42.6 | EB19: 5.3 | EC19: 1.5 | ED19: 0.5 | EE19: 8.5 | EF19: 16.2 | EG19: #N/A | EH19: 4.8 | EI19: 2.2 | EJ19: 20.6 | EK19: 13.7 | EL19: 64.4 | EM19: 2.4 | EN19: #N/A | EO19: 88 | EP19: 9.1 | EQ19: 25.1 | ER19: 14.2 | ES19: 28.6 | ET19: #N/A | EU19: 18 | EV19: 30.6 | EW19: 14.5 | EX19: 47.8 | EY19: 19.5 | EZ19: 33.3 | FA19: 9.7 | FB19: 9.5 | FC19: #N/A | FD19: 6.5 | FE19: #N/A | FF19: #N/A | FG19: 11.8 | FH19: 15.5 | FI19: 0.4 | FJ19: 13.3 | FK19: 31.7 | FL19: 8.7 | FM19: 30.2
A20: 1889 | B20: 52.2 | C20: 83.2 | D20: 58.9 | E20: 63.9 | F20: 70.7 | G20: 58.6 | H20: 102 | I20: 81 | J20: 71.3 | K20: 71 | L20: 78 | M20: 103.8 | N20: 70.7 | O20: #N/A | P20: 97.5 | Q20: 124.1 | R20: 161.2 | S20: 107.5 | T20: 73.2 | U20: #N/A | V20: 114.6 | W20: 96.1 | X20: 115.8 | Y20: #N/A | Z20: #N/A | AA20: 85.9 | AB20: 881.7 | AC20: 69.2 | AD20: 1007.2 | AE20: 119.8 | AF20: 60.9 | AG20: 821.5 | AH20: 77.4 | AI20: 28.9 | AJ20: 58.2 | AK20: 40.2 | AL20: 59.4 | AM20: 19.3 | AN20: 31.7 | AO20: #N/A | AP20: 9.8 | AQ20: 58.4 | AR20: 17.4 | AS20: 31.1 | AT20: 2 | AU20: #N/A | AV20: 0.8 | AW20: 7.1 | AX20: 9.5 | AY20: #N/A | AZ20: #N/A | BA20: 22.6 | BB20: 86.6 | BC20: 81.3 | BD20: 115.8 | BE20: 94.9 | BF20: 155.8 | BG20: 176.9 | BH20: 94.3 | BI20: 71 | BJ20: 59.7 | BK20: #N/A | BL20: 63.9 | BM20: 112.2 | BN20: 93.8 | BO20: 81.4 | BP20: 78.6 | BQ20: 114.1 | BR20: 97 | BS20: 93.6 | BT20: 66.8 | BU20: 149.5 | BV20: #N/A | BW20: #N/A | BX20: #N/A | BY20: 66 | BZ20: 79.1 | CA20: 90.3 | CB20: 54.2 | CC20: 88.6 | CD20: 142.5 | CE20: 103.8 | CF20: 39.1 | CG20: 89.6 | CH20: 64.3 | CI20: 10.2 | CJ20: 15.8 | CK20: 58.5 | CL20: 40.2 | CM20: 29.8 | CN20: 2.6 | CO20: #N/A | CP20: 23.4 | CQ20: 46.8 | CR20: 55.5 | CS20: 79.8 | CT20: 358.1 | CU20: 21 | CV20: 115.7 | CW20: 41.1 | CX20: 69.8 | CY20: 7.3 | CZ20: #N/A | DA20: #N/A | DB20: #N/A | DC20: 43.3 | DD20: 106.4 | DE20: 23.4 | DF20: 17 | DG20: 246.2 | DH20: 38.6 | DI20: 31.4 | DJ20: 27 | DK20: 76.4 | DL20: 22.9 | DM20: 47.9 | DN20: 34.6 | DO20: 12.7 | DP20: 53.3 | DQ20: 10.4 | DR20: 22 | DS20: 11 | DT20: 266.6 | DU20: 10.4 | DV20: 20.5 | DW20: 1.2 | DX20: 6.4 | DY20: 6.1 | DZ20: 2.3 | EA20: 47.2 | EB20: 2.2 | EC20: 1.4 | ED20: 0.3 | EE20: 9.2 | EF20: 22.9 | EG20: #N/A | EH20: 3.3 | EI20: 4.2 | EJ20: 11 | EK20: 12 | EL20: 77.9 | EM20: 1.9 | EN20: 3.8 | EO20: 102.1 | EP20: 13.8 | EQ20: 22.4 | ER20: 12.5 | ES20: 27.8 | ET20: 6.2 | EU20: 20.8 | EV20: 22.1 | EW20: 18.7 | EX20: 48.3 | EY20: 21.5 | EZ20: 36.6 | FA20: 9.9 | FB20: 10.3 | FC20: 1.7 | FD20: 6.6 | FE20: #N/A | FF20: #N/A | FG20: 13.6 | FH20: 14.9 | FI20: 0.9 | FJ20: 10.5 | FK20: 31.8 | FL20: 7.4 | FM20: 29.7
A21: 1890 | B21: 55.8 | C21: 83.5 | D21: 58.9 | E21: 59.9 | F21: 65.7 | G21: 55.3 | H21: 98.8 | I21: 77.8 | J21: 71.3 | K21: 70.6 | L21: 78.9 | M21: 100.3 | N21: 69.3 | O21: #N/A | P21: 100.8 | Q21: 116.7 | R21: 141.2 | S21: 103.1 | T21: 79.6 | U21: #N/A | V21: 115.1 | W21: 97.9 | X21: 112.9 | Y21: #N/A | Z21: #N/A | AA21: 89.4 | AB21: 1056.3 | AC21: 77.3 | AD21: 1254.3 | AE21: 138.5 | AF21: 84.8 | AG21: 797.4 | AH21: 84 | AI21: 37.9 | AJ21: 56 | AK21: 40.6 | AL21: 56 | AM21: 21.4 | AN21: 30.2 | AO21: #N/A | AP21: 10.7 | AQ21: 66.2 | AR21: 25.3 | AS21: 31.5 | AT21: 1.3 | AU21: #N/A | AV21: 1.1 | AW21: 8.5 | AX21: 10.4 | AY21: #N/A | AZ21: #N/A | BA21: 24.4 | BB21: 105.7 | BC21: 85.5 | BD21: 133.6 | BE21: 101.4 | BF21: 165 | BG21: 146 | BH21: 96.2 | BI21: 63.2 | BJ21: 74.2 | BK21: #N/A | BL21: 59.8 | BM21: 90.9 | BN21: 91.5 | BO21: 83.3 | BP21: 77.8 | BQ21: 126.3 | BR21: 95.8 | BS21: 91.4 | BT21: 63.5 | BU21: 165.6 | BV21: #N/A | BW21: #N/A | BX21: #N/A | BY21: 74.6 | BZ21: 85.3 | CA21: 92.5 | CB21: 57.2 | CC21: 102.5 | CD21: 137.2 | CE21: 106.7 | CF21: 46.9 | CG21: 100.8 | CH21: 57.6 | CI21: 13.2 | CJ21: 23 | CK21: 66 | CL21: 52.6 | CM21: 3.9 | CN21: 2.8 | CO21: #N/A | CP21: 24.5 | CQ21: 42.6 | CR21: 60.8 | CS21: 64.6 | CT21: 381.2 | CU21: 16.4 | CV21: 132.5 | CW21: 43.5 | CX21: 73.6 | CY21: 6.5 | CZ21: #N/A | DA21: #N/A | DB21: #N/A | DC21: 41.1 | DD21: 111.2 | DE21: 42.5 | DF21: 19.4 | DG21: 228.4 | DH21: 42.3 | DI21: 35.6 | DJ21: 34.6 | DK21: 85.6 | DL21: 28.6 | DM21: 51.9 | DN21: 44.9 | DO21: 11.6 | DP21: 56 | DQ21: 13.2 | DR21: 21.2 | DS21: 11 | DT21: 254.3 | DU21: 11.1 | DV21: 19.3 | DW21: 1.2 | DX21: 7.3 | DY21: 6.5 | DZ21: 2.9 | EA21: 45.7 | EB21: 1.6 | EC21: 1.4 | ED21: 0.4 | EE21: 11.2 | EF21: 24.6 | EG21: #N/A | EH21: 4.1 | EI21: 4.7 | EJ21: 16.1 | EK21: 14.1 | EL21: 80.6 | EM21: 2.6 | EN21: 5.8 | EO21: 95 | EP21: 18.4 | EQ21: 26.1 | ER21: 16.7 | ES21: 33 | ET21: 6.1 | EU21: 15.4 | EV21: 23.6 | EW21: 15.5 | EX21: 50.9 | EY21: 18.6 | EZ21: 41.4 | FA21: 10.2 | FB21: 10.3 | FC21: 1.7 | FD21: 7.1 | FE21: #N/A | FF21: #N/A | FG21: 14.5 | FH21: 16.7 | FI21: 1.7 | FJ21: 12.7 | FK21: 34.1 | FL21: 7.8 | FM21: 34.6
A22: 1891 | B22: 68 | C22: 108.4 | D22: 63.1 | E22: 61 | F22: 67.4 | G22: 60.8 | H22: 105.8 | I22: 78.6 | J22: 71.5 | K22: 71.5 | L22: 72.8 | M22: 94.1 | N22: 69.2 | O22: #N/A | P22: 102.5 | Q22: 95.6 | R22: 176.5 | S22: 95.1 | T22: 81.2 | U22: #N/A | V22: 117.8 | W22: 94.6 | X22: 111.8 | Y22: #N/A | Z22: #N/A | AA22: 89.3 | AB22: 740.4 | AC22: 114.4 | AD22: 1168 | AE22: 130.3 | AF22: 71.5 | AG22: 614 | AH22: 95.5 | AI22: 34.1 | AJ22: 53.8 | AK22: 43.8 | AL22: 66.1 | AM22: 28.5 | AN22: 26 | AO22: #N/A | AP22: 12.6 | AQ22: 66.3 | AR22: 27.6 | AS22: 30.5 | AT22: 7.6 | AU22: #N/A | AV22: 1 | AW22: 9.1 | AX22: 11.5 | AY22: #N/A | AZ22: #N/A | BA22: 23.4 | BB22: 113.1 | BC22: 87.6 | BD22: 124.2 | BE22: 116.7 | BF22: 165 | BG22: 147.9 | BH22: 76.4 | BI22: 59.5 | BJ22: 74.8 | BK22: 84.6 | BL22: 56.8 | BM22: 90.3 | BN22: 91.5 | BO22: 75.4 | BP22: 78.6 | BQ22: 103 | BR22: 91.4 | BS22: 84.8 | BT22: 59.9 | BU22: 166.3 | BV22: #N/A | BW22: #N/A | BX22: #N/A | BY22: 57.6 | BZ22: 88.9 | CA22: 123.2 | CB22: 54.5 | CC22: 107.8 | CD22: 122.3 | CE22: 113.3 | CF22: 37.6 | CG22: 98.8 | CH22: 68.2 | CI22: 12.8 | CJ22: 20.4 | CK22: 94.8 | CL22: 29.9 | CM22: 41.1 | CN22: 3.1 | CO22: 51.1 | CP22: 26.9 | CQ22: 50.3 | CR22: 48.7 | CS22: 86.6 | CT22: 246.4 | CU22: 25.3 | CV22: 112.2 | CW22: 47.3 | CX22: 78.7 | CY22: 7.3 | CZ22: #N/A | DA22: #N/A | DB22: #N/A | DC22: 50.3 | DD22: 113.5 | DE22: 27.3 | DF22: 25.2 | DG22: 210.9 | DH22: 34.4 | DI22: 33.1 | DJ22: 29.5 | DK22: 164.4 | DL22: 28.5 | DM22: 49.7 | DN22: 38.7 | DO22: 9.8 | DP22: 68.2 | DQ22: 11.9 | DR22: 20.4 | DS22: 12 | DT22: 277 | DU22: 13.9 | DV22: 16.4 | DW22: 1.3 | DX22: 8.7 | DY22: 5.4 | DZ22: 4 | EA22: 40.8 | EB22: 9.3 | EC22: 1.6 | ED22: 0.4 | EE22: 11.6 | EF22: 26.7 | EG22: #N/A | EH22: 3.8 | EI22: 4.5 | EJ22: 13.8 | EK22: 14.2 | EL22: 88.6 | EM22: 2.9 | EN22: 5.2 | EO22: 138.2 | EP22: 8.3 | EQ22: 25.9 | ER22: 18.5 | ES22: 25.8 | ET22: 6.4 | EU22: 18 | EV22: 21.6 | EW22: 18.8 | EX22: 33.2 | EY22: 23.4 | EZ22: 33.5 | FA22: 10.3 | FB22: 10.4 | FC22: 1.9 | FD22: 7.2 | FE22: #N/A | FF22: #N/A | FG22: 13.8 | FH22: 17.8 | FI22: 3.7 | FJ22: 15.7 | FK22: 33.1 | FL22: 5.7 | FM22: 34.1
A23: 1892 | B23: 60.2 | C23: 93.9 | D23: 63.1 | E23: 64.9 | F23: 71.9 | G23: 63.5 | H23: 100.7 | I23: 77.3 | J23: 73.3 | K23: 73.4 | L23: 65.6 | M23: 87.1 | N23: 65.5 | O23: #N/A | P23: 102.2 | Q23: 77.5 | R23: 171.8 | S23: 80.6 | T23: 74.1 | U23: #N/A | V23: 122.3 | W23: 89.1 | X23: 105.9 | Y23: #N/A | Z23: #N/A | AA23: 86.7 | AB23: 1024 | AC23: 130 | AD23: 1276.8 | AE23: 139.4 | AF23: 80.5 | AG23: 600.9 | AH23: 126.9 | AI23: 44.4 | AJ23: 56 | AK23: 35.2 | AL23: 57.5 | AM23: 28.3 | AN23: 31.4 | AO23: #N/A | AP23: 12.7 | AQ23: 71.5 | AR23: 29.6 | AS23: 33.5 | AT23: 3.8 | AU23: #N/A | AV23: 0.9 | AW23: 9.5 | AX23: 10.5 | AY23: #N/A | AZ23: #N/A | BA23: 24 | BB23: 114.1 | BC23: 85.2 | BD23: 113.7 | BE23: 114.3 | BF23: 137.5 | BG23: 143.9 | BH23: 83.2 | BI23: 56.3 | BJ23: 67.3 | BK23: 81.1 | BL23: 60.5 | BM23: 79.6 | BN23: 89.5 | BO23: 69.7 | BP23: 75.3 | BQ23: 112.3 | BR23: 96.2 | BS23: 84.6 | BT23: 62.9 | BU23: 171.3 | BV23: #N/A | BW23: #N/A | BX23: #N/A | BY23: 57.8 | BZ23: 80.5 | CA23: 121.7 | CB23: 55 | CC23: 90.8 | CD23: 124.1 | CE23: 114.2 | CF23: 39.1 | CG23: 102.9 | CH23: 72.4 | CI23: 15.8 | CJ23: 23.8 | CK23: 76.2 | CL23: 45.6 | CM23: 47.2 | CN23: 3.1 | CO23: 60.7 | CP23: 24.7 | CQ23: 51.3 | CR23: 56.3 | CS23: 105.6 | CT23: 284.5 | CU23: 27.9 | CV23: 107.7 | CW23: 55.8 | CX23: 78 | CY23: 8.1 | CZ23: #N/A | DA23: #N/A | DB23: #N/A | DC23: 54.5 | DD23: 128.5 | DE23: 37.6 | DF23: 25.3 | DG23: 185.6 | DH23: 37 | DI23: 35.2 | DJ23: 36.1 | DK23: 161.9 | DL23: 31.1 | DM23: 56.5 | DN23: 46.5 | DO23: 10.1 | DP23: 86.3 | DQ23: 15.3 | DR23: 21.7 | DS23: 9.9 | DT23: 217.1 | DU23: 12.7 | DV23: 18.7 | DW23: 1.5 | DX23: 8.7 | DY23: 4.7 | DZ23: 4.2 | EA23: 38 | EB23: 4.2 | EC23: 1.5 | ED23: 0.4 | EE23: 11.4 | EF23: 23.3 | EG23: #N/A | EH23: 4.2 | EI23: 4.5 | EJ23: 14.5 | EK23: 14.4 | EL23: 86.1 | EM23: 3.6 | EN23: 5 | EO23: 108.1 | EP23: 13.8 | EQ23: 28.1 | ER23: 16.7 | ES23: 29.4 | ET23: 6.2 | EU23: 16.2 | EV23: 24.4 | EW23: 21.2 | EX23: 36.7 | EY23: 28.1 | EZ23: 33.8 | FA23: 12.2 | FB23: 10.9 | FC23: 2.2 | FD23: 7.5 | FE23: #N/A | FF23: #N/A | FG23: 15 | FH23: 18.3 | FI23: 5.1 | FJ23: 15.9 | FK23: 24.6 | FL23: 6.2 | FM23: 36.6
A24: 1893 | B24: 64.7 | C24: 80.2 | D24: 67.6 | E24: 82.7 | F24: 90.9 | G24: 66.8 | H24: 92.9 | I24: 86.4 | J24: 74.5 | K24: 71.6 | L24: 64.7 | M24: 93.5 | N24: 65.8 | O24: #N/A | P24: 95.9 | Q24: 59.4 | R24: 132.6 | S24: 68.3 | T24: 66 | U24: #N/A | V24: 102.9 | W24: 87.5 | X24: 104.8 | Y24: #N/A | Z24: #N/A | AA24: 89.4 | AB24: 613.3 | AC24: 105.7 | AD24: 938 | AE24: 99.7 | AF24: 64.6 | AG24: 475.5 | AH24: 119.4 | AI24: 37.7 | AJ24: 60.4 | AK24: 44.1 | AL24: 54.8 | AM24: 26.9 | AN24: 29.3 | AO24: #N/A | AP24: 18.9 | AQ24: 78.9 | AR24: 42 | AS24: 39.4 | AT24: 15.3 | AU24: #N/A | AV24: 1.7 | AW24: 10.9 | AX24: 12 | AY24: #N/A | AZ24: #N/A | BA24: 23.3 | BB24: 101.2 | BC24: 86.3 | BD24: 132.3 | BE24: 129.2 | BF24: 146.7 | BG24: 159.8 | BH24: 89.6 | BI24: 53.5 | BJ24: 73.7 | BK24: 80.7 | BL24: 55.3 | BM24: 79.2 | BN24: 90.2 | BO24: 70.6 | BP24: 74.8 | BQ24: 117.6 | BR24: 101.9 | BS24: 86 | BT24: 62.4 | BU24: 177.7 | BV24: #N/A | BW24: #N/A | BX24: #N/A | BY24: 67.1 | BZ24: 74.2 | CA24: 103.2 | CB24: 55.1 | CC24: 88 | CD24: 121 | CE24: 112.6 | CF24: 42.2 | CG24: 92.6 | CH24: 63.7 | CI24: 13.6 | CJ24: 23.9 | CK24: 78.5 | CL24: 35.4 | CM24: 40.2 | CN24: 3.3 | CO24: 61.1 | CP24: 24.6 | CQ24: 54.6 | CR24: 52.2 | CS24: 68.7 | CT24: 230.7 | CU24: 16.2 | CV24: 105 | CW24: 52.9 | CX24: 74.4 | CY24: 9.1 | CZ24: #N/A | DA24: #N/A | DB24: #N/A | DC24: 36.3 | DD24: 123.4 | DE24: 62 | DF24: 23.4 | DG24: 170.8 | DH24: 31.7 | DI24: 33.9 | DJ24: 23.3 | DK24: 112.5 | DL24: 24.5 | DM24: 51.5 | DN24: 47.3 | DO24: 8.4 | DP24: 74.9 | DQ24: 14.5 | DR24: 23.8 | DS24: 12.1 | DT24: 204.1 | DU24: 13 | DV24: 17.6 | DW24: 1.7 | DX24: 12.3 | DY24: 4 | DZ24: 4.6 | EA24: 37.9 | EB24: 15.2 | EC24: 2.5 | ED24: 0.6 | EE24: 12.8 | EF24: 26.3 | EG24: #N/A | EH24: 4.4 | EI24: 4.5 | EJ24: 13.9 | EK24: 13.1 | EL24: 88.2 | EM24: 3.5 | EN24: 5.4 | EO24: 123.7 | EP24: 11.5 | EQ24: 22.8 | ER24: 19.2 | ES24: 29.5 | ET24: 5.7 | EU24: 17.1 | EV24: 22.8 | EW24: 14 | EX24: 29.6 | EY24: 17.1 | EZ24: 34.9 | FA24: 11.7 | FB24: 10.3 | FC24: 2.6 | FD24: 7.5 | FE24: #N/A | FF24: #N/A | FG24: 11.5 | FH24: 16.2 | FI24: 7.1 | FJ24: 14.8 | FK24: 21.9 | FL24: 5.2 | FM24: 34.8
A25: 1894 | B25: 59 | C25: 69.7 | D25: 64.7 | E25: 69.4 | F25: 75.1 | G25: 63.9 | H25: 78.6 | I25: 75.8 | J25: 71.9 | K25: 68.1 | L25: 50.8 | M25: 85.7 | N25: 65.3 | O25: #N/A | P25: 87 | Q25: 70 | R25: 111.3 | S25: 63.7 | T25: 60.2 | U25: #N/A | V25: 84.9 | W25: 79.7 | X25: 102.3 | Y25: #N/A | Z25: #N/A | AA25: 81.5 | AB25: 1178.3 | AC25: 68.4 | AD25: 1054.5 | AE25: 125 | AF25: 83.9 | AG25: 511.3 | AH25: 117.4 | AI25: 38.3 | AJ25: 67.7 | AK25: 50.1 | AL25: 68.6 | AM25: 32.7 | AN25: 32.7 | AO25: #N/A | AP25: 19.3 | AQ25: 78.7 | AR25: 36 | AS25: 40.8 | AT25: 17.6 | AU25: #N/A | AV25: 2.1 | AW25: 12.4 | AX25: 11.3 | AY25: #N/A | AZ25: #N/A | BA25: 26.9 | BB25: 78.3 | BC25: 74.1 | BD25: 125.9 | BE25: 94 | BF25: 165 | BG25: 128 | BH25: 93.7 | BI25: 55 | BJ25: 69.6 | BK25: 77.7 | BL25: 54.8 | BM25: 56.9 | BN25: 86.6 | BO25: 63.4 | BP25: 73.8 | BQ25: 88.5 | BR25: 91.2 | BS25: 90.9 | BT25: 66.2 | BU25: 161.1 | BV25: #N/A | BW25: #N/A | BX25: #N/A | BY25: 54.2 | BZ25: 64.5 | CA25: 81.7 | CB25: 42.8 | CC25: 84.3 | CD25: 112.1 | CE25: 98.4 | CF25: 44.7 | CG25: 114.7 | CH25: 71 | CI25: 13.3 | CJ25: 19.5 | CK25: 84.9 | CL25: 44.3 | CM25: 31.8 | CN25: 2.9 | CO25: 52.9 | CP25: 22.4 | CQ25: 41.5 | CR25: 49 | CS25: 72.7 | CT25: 130.6 | CU25: 28.1 | CV25: 88.1 | CW25: 41.5 | CX25: 50.5 | CY25: 4.3 | CZ25: #N/A | DA25: #N/A | DB25: #N/A | DC25: 31.2 | DD25: 116.2 | DE25: 50.5 | DF25: 20.5 | DG25: 128.7 | DH25: 28.1 | DI25: 34.3 | DJ25: 40.8 | DK25: 63.3 | DL25: 26.4 | DM25: 54.2 | DN25: 50.6 | DO25: 8.6 | DP25: 62.3 | DQ25: 13 | DR25: 25.8 | DS25: 13.1 | DT25: 200.4 | DU25: 14.5 | DV25: 19.4 | DW25: 2.1 | DX25: 11.3 | DY25: 4.7 | DZ25: 3.3 | EA25: 36.6 | EB25: 15.9 | EC25: 2.4 | ED25: 0.7 | EE25: 13.3 | EF25: 24 | EG25: #N/A | EH25: 5 | EI25: 4.7 | EJ25: 11.4 | EK25: 13.9 | EL25: 93.5 | EM25: 2.5 | EN25: 5 | EO25: 107.1 | EP25: 15.1 | EQ25: 18.5 | ER25: 16.2 | ES25: 24.5 | ET25: 5.1 | EU25: 9.4 | EV25: 20.5 | EW25: 13.3 | EX25: 16.5 | EY25: 22.3 | EZ25: 26.2 | FA25: 9.7 | FB25: 7.4 | FC25: 1.1 | FD25: 5.9 | FE25: #N/A | FF25: #N/A | FG25: 8 | FH25: 13.2 | FI25: 4.6 | FJ25: 10 | FK25: 15.8 | FL25: 3.8 | FM25: 30.7
A26: 1895 | B26: 64 | C26: 70.6 | D26: 67.3 | E26: 65.2 | F26: 66.2 | G26: 56.8 | H26: 74.4 | I26: 63.8 | J26: 71.5 | K26: 81.9 | L26: 53.3 | M26: 81.3 | N26: 60.4 | O26: #N/A | P26: 81.6 | Q26: 93.3 | R26: 113.8 | S26: 90.8 | T26: 65.4 | U26: #N/A | V26: 94.4 | W26: 81.1 | X26: 109.1 | Y26: #N/A | Z26: #N/A | AA26: 75.6 | AB26: 812 | AC26: 75.7 | AD26: 989.3 | AE26: 133.9 | AF26: 84.8 | AG26: 389.5 | AH26: 108.2 | AI26: 50.1 | AJ26: 65.3 | AK26: 51.6 | AL26: 62 | AM26: 33.3 | AN26: 36.1 | AO26: #N/A | AP26: 19.5 | AQ26: 79.6 | AR26: 48.4 | AS26: 39.7 | AT26: 13 | AU26: #N/A | AV26: 2.1 | AW26: 14.4 | AX26: 12.4 | AY26: #N/A | AZ26: #N/A | BA26: 34.3 | BB26: 79.6 | BC26: 73.8 | BD26: 122.4 | BE26: 84.5 | BF26: 137.5 | BG26: 94.7 | BH26: 86.1 | BI26: 60 | BJ26: 70.2 | BK26: 76.9 | BL26: 52.8 | BM26: 49.7 | BN26: 78.9 | BO26: 66.2 | BP26: 75.3 | BQ26: 97.3 | BR26: 93.5 | BS26: 85.8 | BT26: 60.4 | BU26: 108.6 | BV26: #N/A | BW26: #N/A | BX26: #N/A | BY26: 58.5 | BZ26: 68.6 | CA26: 72.7 | CB26: 39.8 | CC26: 80.8 | CD26: 116.6 | CE26: 91.9 | CF26: 45 | CG26: 110 | CH26: 75.3 | CI26: 19.2 | CJ26: 21.4 | CK26: 73.6 | CL26: 48.7 | CM26: 57.3 | CN26: 3.5 | CO26: 74.4 | CP26: 28.2 | CQ26: 53.1 | CR26: 67.7 | CS26: 177.3 | CT26: 431.5 | CU26: 32.7 | CV26: 104.4 | CW26: 49.2 | CX26: 70.6 | CY26: 5.9 | CZ26: #N/A | DA26: #N/A | DB26: #N/A | DC26: 28.1 | DD26: 155.3 | DE26: 32.2 | DF26: 30.4 | DG26: 145.4 | DH26: 47.8 | DI26: 40.2 | DJ26: 30.5 | DK26: 70.9 | DL26: 25.7 | DM26: 54.5 | DN26: 45.2 | DO26: 5.8 | DP26: 54.4 | DQ26: 14.3 | DR26: 24.7 | DS26: 16.2 | DT26: 189.9 | DU26: 14 | DV26: 19.9 | DW26: 2.4 | DX26: 10.8 | DY26: 6.3 | DZ26: 4.5 | EA26: 50.8 | EB26: 13.1 | EC26: 2.7 | ED26: 0.7 | EE26: 15.7 | EF26: 28.2 | EG26: #N/A | EH26: 5.7 | EI26: 5.6 | EJ26: 11.6 | EK26: 13.3 | EL26: 96.5 | EM26: 3.2 | EN26: 4.5 | EO26: 68.7 | EP26: 15.2 | EQ26: 36.4 | ER26: 19.3 | ES26: 34.2 | ET26: 6.2 | EU26: 10.5 | EV26: 25.8 | EW26: 33.8 | EX26: 55.7 | EY26: 28.6 | EZ26: 31.9 | FA26: 10.9 | FB26: 9.4 | FC26: 1 | FD26: 6.6 | FE26: #N/A | FF26: #N/A | FG26: 7.8 | FH26: 18.8 | FI26: 3.3 | FJ26: 13.4 | FK26: 17.1 | FL26: 6.4 | FM26: 33.6
A27: 1896 | B27: 56.4 | C27: 65.9 | D27: 61.2 | E27: 57.8 | F27: 52.2 | G27: 55.6 | H27: 76.5 | I27: 60.5 | J27: 68.8 | K27: 73.9 | L27: 59.8 | M27: 83.8 | N27: 62.7 | O27: #N/A | P27: 86.1 | Q27: 88 | R27: 117.1 | S27: 93.4 | T27: 69.5 | U27: #N/A | V27: 100.2 | W27: 81.7 | X27: 127.5 | Y27: #N/A | Z27: #N/A | AA27: 79.1 | AB27: 1180.1 | AC27: 137.2 | AD27: 1376.4 | AE27: 141.7 | AF27: 90.7 | AG27: 555.8 | AH27: 121.6 | AI27: 55.1 | AJ27: 66 | AK27: 57.3 | AL27: 67.8 | AM27: 45.8 | AN27: 40.7 | AO27: #N/A | AP27: 18.9 | AQ27: 80.9 | AR27: 47.7 | AS27: 43.8 | AT27: 28.1 | AU27: #N/A | AV27: 3.8 | AW27: 20.6 | AX27: 14 | AY27: #N/A | AZ27: #N/A | BA27: 33.8 | BB27: 74.1 | BC27: 69.5 | BD27: 103.4 | BE27: 77.1 | BF27: 165 | BG27: 116.3 | BH27: 85.4 | BI27: 63.3 | BJ27: 70.4 | BK27: 76.3 | BL27: 54.1 | BM27: 50.3 | BN27: 84.5 | BO27: 71.1 | BP27: 79.3 | BQ27: 97.2 | BR27: 89 | BS27: 82 | BT27: 58.1 | BU27: 74.3 | BV27: #N/A | BW27: #N/A | BX27: #N/A | BY27: 57.9 | BZ27: 68.3 | CA27: 59.6 | CB27: 38.8 | CC27: 79.1 | CD27: 117.7 | CE27: 98.9 | CF27: 53.3 | CG27: 94.3 | CH27: 73.9 | CI27: 17.5 | CJ27: 16.5 | CK27: 79.7 | CL27: 33.9 | CM27: 30.9 | CN27: 2.8 | CO27: 66.4 | CP27: 29.3 | CQ27: 51.3 | CR27: 58.4 | CS27: 109.6 | CT27: 250.6 | CU27: 18.1 | CV27: 75.3 | CW27: 47.5 | CX27: 70.1 | CY27: 8.7 | CZ27: #N/A | DA27: #N/A | DB27: #N/A | DC27: 21.4 | DD27: 134.7 | DE27: 25.2 | DF27: 27.1 | DG27: 95.1 | DH27: 46.1 | DI27: 37.1 | DJ27: 39 | DK27: 120 | DL27: 32.5 | DM27: 51.2 | DN27: 38.1 | DO27: 8.2 | DP27: 62.8 | DQ27: 14.9 | DR27: 24.1 | DS27: 16.3 | DT27: 233.4 | DU27: 19.8 | DV27: 23.3 | DW27: 2.8 | DX27: 11 | DY27: 6 | DZ27: 4.6 | EA27: 57.6 | EB27: 30.1 | EC27: 3.2 | ED27: 1.6 | EE27: 20.6 | EF27: 39.7 | EG27: #N/A | EH27: 6 | EI27: 5.8 | EJ27: 12.8 | EK27: 10.8 | EL27: 80 | EM27: 2.6 | EN27: 4.2 | EO27: 91.3 | EP27: 10.5 | EQ27: 20.7 | ER27: 15.8 | ES27: 30.3 | ET27: 6.6 | EU27: 10.2 | EV27: 23.9 | EW27: 22.4 | EX27: 34.1 | EY27: 15.8 | EZ27: 21.9 | FA27: 10 | FB27: 9 | FC27: 1 | FD27: 6.2 | FE27: #N/A | FF27: #N/A | FG27: 5.9 | FH27: 16.2 | FI27: 2.1 | FJ27: 11.6 | FK27: 11 | FL27: 6.2 | FM27: 33.4
A28: 1897 | B28: 63.5 | C28: 73.5 | D28: 60.7 | E28: 56.9 | F28: 47.7 | G28: 57.2 | H28: 89.9 | I28: 58.4 | J28: 69.4 | K28: 72.9 | L28: 50.6 | M28: 74.9 | N28: 62.6 | O28: #N/A | P28: 87 | Q28: 71.4 | R28: 112.1 | S28: 84.1 | T28: 71.5 | U28: #N/A | V28: 78.5 | W28: 74 | X28: 114.5 | Y28: #N/A | Z28: #N/A | AA28: 76.5 | AB28: 1114.2 | AC28: 189.7 | AD28: 1205.8 | AE28: 174.3 | AF28: 103.7 | AG28: 700 | AH28: 111 | AI28: 72.9 | AJ28: 62 | AK28: 58.3 | AL28: 73.1 | AM28: 47.8 | AN28: 48.5 | AO28: #N/A | AP28: 19 | AQ28: 83.5 | AR28: 57.7 | AS28: 46.4 | AT28: 30.3 | AU28: #N/A | AV28: 17.3 | AW28: 29.3 | AX28: 19.1 | AY28: #N/A | AZ28: #N/A | BA28: 37.1 | BB28: 76.4 | BC28: 73.2 | BD28: 76.5 | BE28: 85.7 | BF28: 110 | BG28: 100.7 | BH28: 102.2 | BI28: 63.6 | BJ28: 78.6 | BK28: 74.6 | BL28: 53.5 | BM28: 45.7 | BN28: 83 | BO28: 69.6 | BP28: 75.2 | BQ28: 89.5 | BR28: 91 | BS28: 79.7 | BT28: 55.2 | BU28: 77.3 | BV28: #N/A | BW28: #N/A | BX28: #N/A | BY28: 56.5 | BZ28: 68.6 | CA28: 67.1 | CB28: 39.8 | CC28: 84.4 | CD28: 110.1 | CE28: 94.7 | CF28: 40.8 | CG28: 112 | CH28: 94.6 | CI28: 17.3 | CJ28: 25.2 | CK28: 78.3 | CL28: 24.4 | CM28: 49.4 | CN28: 3.5 | CO28: 70.7 | CP28: 38 | CQ28: 61.4 | CR28: 64.5 | CS28: 266.7 | CT28: 257.3 | CU28: 35.9 | CV28: 85.7 | CW28: 49.7 | CX28: 69.7 | CY28: 4.7 | CZ28: #N/A | DA28: #N/A | DB28: #N/A | DC28: 28.2 | DD28: 112.3 | DE28: 34.6 | DF28: 31.2 | DG28: 64.6 | DH28: 30.4 | DI28: 39.5 | DJ28: 41.5 | DK28: 185.1 | DL28: 28.3 | DM28: 61.9 | DN28: 40.8 | DO28: 10.6 | DP28: 67.5 | DQ28: 19 | DR28: 22.8 | DS28: 16.3 | DT28: 212.9 | DU28: 18.5 | DV28: 27.7 | DW28: 4.5 | DX28: 11.2 | DY28: 5 | DZ28: 5.3 | EA28: 55 | EB28: 33.4 | EC28: 3.6 | ED28: 5.6 | EE28: 26.6 | EF28: 48.6 | EG28: #N/A | EH28: 6.5 | EI28: 6.2 | EJ28: 10.1 | EK28: 13.4 | EL28: 75.7 | EM28: 2.9 | EN28: 4.3 | EO28: 77.7 | EP28: 9.1 | EQ28: 33.2 | ER28: 21.8 | ES28: 31.5 | ET28: 8.4 | EU28: 11.1 | EV28: 25.9 | EW28: 53.4 | EX28: 33.2 | EY28: 28.9 | EZ28: 25.5 | FA28: 10.2 | FB28: 8.5 | FC28: 0.6 | FD28: 6.1 | FE28: #N/A | FF28: #N/A | FG28: 7.6 | FH28: 13.6 | FI28: 3.3 | FJ28: 13.7 | FK28: 7.9 | FL28: 4.5 | FM28: 34.1
A29: 1898 | B29: 65 | C29: 79 | D29: 64.5 | E29: 59.2 | F29: 52.9 | G29: 57.9 | H29: 91.6 | I29: 58.1 | J29: 76 | K29: 77.7 | L29: 43.2 | M29: 67.9 | N29: 61.4 | O29: #N/A | P29: 82.5 | Q29: 71.8 | R29: 110.4 | S29: 74.1 | T29: 74.5 | U29: #N/A | V29: 72.8 | W29: 70 | X29: 104.2 | Y29: #N/A | Z29: #N/A | AA29: 76.8 | AB29: 924.9 | AC29: 224.7 | AD29: 1156.4 | AE29: 207.4 | AF29: 122.4 | AG29: 425.3 | AH29: 133 | AI29: 96 | AJ29: 59.1 | AK29: 62.6 | AL29: 93.8 | AM29: 55.8 | AN29: 46.8 | AO29: #N/A | AP29: 22.3 | AQ29: 82.5 | AR29: 70.5 | AS29: 46.4 | AT29: 31.8 | AU29: #N/A | AV29: 19.5 | AW29: 42.3 | AX29: 27.6 | AY29: #N/A | AZ29: #N/A | BA29: 38.7 | BB29: 78.5 | BC29: 75.3 | BD29: 54.3 | BE29: 114 | BF29: 119.2 | BG29: 111.9 | BH29: 106.1 | BI29: 71.2 | BJ29: 89.7 | BK29: 75.3 | BL29: 49.5 | BM29: 65.5 | BN29: 83.8 | BO29: 67.9 | BP29: 73.6 | BQ29: 98.2 | BR29: 90.9 | BS29: 80.4 | BT29: 54.9 | BU29: 75.6 | BV29: #N/A | BW29: #N/A | BX29: #N/A | BY29: 59.2 | BZ29: 73.5 | CA29: 69.3 | CB29: 39.3 | CC29: 84.9 | CD29: 103.4 | CE29: 83.1 | CF29: 37.4 | CG29: 77.3 | CH29: 94.3 | CI29: 18.2 | CJ29: 23.8 | CK29: 69.4 | CL29: 22.3 | CM29: 52.9 | CN29: 3.7 | CO29: 63.6 | CP29: 34.4 | CQ29: 55.2 | CR29: 54.5 | CS29: 59.3 | CT29: 118.5 | CU29: 30.2 | CV29: 85.9 | CW29: 43.2 | CX29: 45.6 | CY29: 5.7 | CZ29: #N/A | DA29: #N/A | DB29: #N/A | DC29: 42.7 | DD29: 92.2 | DE29: 31.2 | DF29: 41.1 | DG29: 55.4 | DH29: 27.4 | DI29: 41.9 | DJ29: 35.3 | DK29: 235.5 | DL29: 28.8 | DM29: 76.8 | DN29: 53.4 | DO29: 6.5 | DP29: 82.5 | DQ29: 24.9 | DR29: 23.8 | DS29: 18.7 | DT29: 233.3 | DU29: 19.6 | DV29: 26.2 | DW29: 5.6 | DX29: 12.4 | DY29: 5 | DZ29: 6.4 | EA29: 48.4 | EB29: 36.4 | EC29: 3.5 | ED29: 5.8 | EE29: 36.2 | EF29: 63.9 | EG29: #N/A | EH29: 7.6 | EI29: 6.4 | EJ29: 9.5 | EK29: 9.5 | EL29: 53.7 | EM29: 4.1 | EN29: 4.4 | EO29: 76.5 | EP29: 8.6 | EQ29: 39.9 | ER29: 26.1 | ES29: 28.6 | ET29: 7.1 | EU29: 14.3 | EV29: 22.1 | EW29: 11.6 | EX29: 15 | EY29: 26.6 | EZ29: 25.5 | FA29: 9 | FB29: 5.5 | FC29: 0.7 | FD29: 6 | FE29: #N/A | FF29: #N/A | FG29: 12 | FH29: 12 | FI29: 4 | FJ29: 17.9 | FK29: 6.9 | FL29: 3.7 | FM29: 31.7
A30: 1899 | B30: 71.1 | C30: 74.9 | D30: 66.2 | E30: 59.9 | F30: 55.2 | G30: 63.2 | H30: 79.8 | I30: 60.1 | J30: 73.7 | K30: 78.4 | L30: 50.2 | M30: 68.3 | N30: 67 | O30: 126 | P30: 82 | Q30: 87.3 | R30: 121.4 | S30: 94.4 | T30: 105.6 | U30: #N/A | V30: 92.4 | W30: 77.1 | X30: 105.2 | Y30: 155 | Z30: 87.9 | AA30: 78.5 | AB30: 793.2 | AC30: 189.6 | AD30: 1382 | AE30: 198.6 | AF30: 116.5 | AG30: 543.1 | AH30: 151.5 | AI30: 106.7 | AJ30: 76.9 | AK30: 73.3 | AL30: 66.4 | AM30: 70.4 | AN30: 50.9 | AO30: 39.7 | AP30: 28.4 | AQ30: 80.8 | AR30: 77.1 | AS30: 45.2 | AT30: 26.9 | AU30: #N/A | AV30: 22 | AW30: 51.3 | AX30: 33.4 | AY30: 0.4 | AZ30: 57.2 | BA30: 49.6 | BB30: 77.5 | BC30: 67.8 | BD30: 52 | BE30: 108.3 | BF30: 119.2 | BG30: 121.2 | BH30: 108.7 | BI30: 72.6 | BJ30: 96.2 | BK30: 75.5 | BL30: 56.5 | BM30: 83.8 | BN30: 85 | BO30: 64.2 | BP30: 77.7 | BQ30: 112.8 | BR30: 100.3 | BS30: 84.5 | BT30: 57.2 | BU30: 92.5 | BV30: 129.2 | BW30: #N/A | BX30: 68.6 | BY30: 68.6 | BZ30: 77.8 | CA30: 84.1 | CB30: 66.9 | CC30: 99.6 | CD30: 100.1 | CE30: 87.5 | CF30: 46.5 | CG30: 98.3 | CH30: 103 | CI30: 24.6 | CJ30: 36 | CK30: 90.3 | CL30: 29.9 | CM30: 66.4 | CN30: 4.5 | CO30: 78.2 | CP30: 38.2 | CQ30: 55.8 | CR30: 59.1 | CS30: 63.1 | CT30: 108.3 | CU30: 42.3 | CV30: 85.8 | CW30: 37.1 | CX30: 73.2 | CY30: 8.4 | CZ30: 21.6 | DA30: #N/A | DB30: 56.3 | DC30: 64.8 | DD30: 95.9 | DE30: 42.5 | DF30: 44.4 | DG30: 60.7 | DH30: 35.4 | DI30: 45.2 | DJ30: 33.1 | DK30: 188.8 | DL30: 35.3 | DM30: 74.3 | DN30: 53.1 | DO30: 9.1 | DP30: 76.9 | DQ30: 28.6 | DR30: 30 | DS30: 22.1 | DT30: 191.8 | DU30: 24.5 | DV30: 31.1 | DW30: 5.6 | DX30: 15.7 | DY30: 6 | DZ30: 7.7 | EA30: 60.1 | EB30: 44 | EC30: 5 | ED30: 8.9 | EE30: 47.4 | EF30: 77.9 | EG30: 0.2 | EH30: 10.3 | EI30: 7.9 | EJ30: 10.6 | EK30: 10.9 | EL30: 56.1 | EM30: 5.2 | EN30: 6.6 | EO30: 107.9 | EP30: 11.8 | EQ30: 51.1 | ER30: 34.4 | ES30: 35.3 | ET30: 9 | EU30: 18.6 | EV30: 22.6 | EW30: 11.7 | EX30: 14.6 | EY30: 42.8 | EZ30: 25.3 | FA30: 8.1 | FB30: 9.3 | FC30: 1.2 | FD30: 7.2 | FE30: 0 | FF30: 5 | FG30: 16.1 | FH30: 13.2 | FI30: 6.6 | FJ30: 32.9 | FK30: 8.8 | FL30: 4.8 | FM30: 36
A31: 1900 | B31: 70.6 | C31: 75.4 | D31: 68.7 | E31: 65.2 | F31: 62.1 | G31: 66.9 | H31: 76.7 | I31: 72.5 | J31: 75 | K31: 79.5 | L31: 71.7 | M31: 90.6 | N31: 72.2 | O31: 123.4 | P31: 87.7 | Q31: 91.6 | R31: 150.4 | S31: 104.3 | T31: 103.3 | U31: #N/A | V31: 105.1 | W31: 99 | X31: 103.2 | Y31: 153.5 | Z31: 95.7 | AA31: 84.4 | AB31: 877.1 | AC31: 171.9 | AD31: 1421.7 | AE31: 178.1 | AF31: 108.3 | AG31: 522.9 | AH31: 155.6 | AI31: 99.4 | AJ31: 67.7 | AK31: 69.7 | AL31: 76.5 | AM31: 47.9 | AN31: 55.9 | AO31: 50.7 | AP31: 36.4 | AQ31: 94.9 | AR31: 66.6 | AS31: 45.7 | AT31: 37.2 | AU31: #N/A | AV31: 32.5 | AW31: 48.5 | AX31: 38.8 | AY31: 0.8 | AZ31: 58.9 | BA31: 48.6 | BB31: 81.3 | BC31: 66.3 | BD31: 61.7 | BE31: 112.7 | BF31: 137.5 | BG31: 121 | BH31: 100.3 | BI31: 77.2 | BJ31: 88.6 | BK31: 81.4 | BL31: 61.5 | BM31: 103.3 | BN31: 93.7 | BO31: 75.7 | BP31: 81.9 | BQ31: 120.7 | BR31: 97.9 | BS31: 88.3 | BT31: 67.2 | BU31: 98.1 | BV31: 124 | BW31: #N/A | BX31: 82.4 | BY31: 82.4 | BZ31: 82.2 | CA31: 95.5 | CB31: 75.2 | CC31: 117.4 | CD31: 107.7 | CE31: 93.5 | CF31: 40.5 | CG31: 108.3 | CH31: 92.2 | CI31: 29.1 | CJ31: 26.7 | CK31: 76.3 | CL31: 40.8 | CM31: 63.1 | CN31: 4.1 | CO31: 82.8 | CP31: 43 | CQ31: 53.9 | CR31: 58.4 | CS31: 88.2 | CT31: 111.3 | CU31: 29.4 | CV31: 92.3 | CW31: 41.4 | CX31: 59.1 | CY31: 14.8 | CZ31: 24.7 | DA31: #N/A | DB31: 35.5 | DC31: 41 | DD31: 101.7 | DE31: 63.1 | DF31: 45.2 | DG31: 65.6 | DH31: 36.2 | DI31: 47.1 | DJ31: 36.3 | DK31: 172.3 | DL31: 37.7 | DM31: 73.2 | DN31: 55.4 | DO31: 9.2 | DP31: 75.9 | DQ31: 32.2 | DR31: 26.9 | DS31: 21.3 | DT31: 315.9 | DU31: 19.7 | DV31: 36.8 | DW31: 7 | DX31: 21.5 | DY31: 7.3 | DZ31: 8.7 | EA31: 67.2 | EB31: 59.6 | EC31: 6.1 | ED31: 14.7 | EE31: 57.5 | EF31: 89 | EG31: 0.4 | EH31: 11.5 | EI31: 8.4 | EJ31: 9.7 | EK31: 11.8 | EL31: 59.5 | EM31: 6.5 | EN31: 5.6 | EO31: 91 | EP31: 14.9 | EQ31: 51.6 | ER31: 28.7 | ES31: 40.3 | ET31: 11 | EU31: 22.1 | EV31: 24.6 | EW31: 19.2 | EX31: 15.8 | EY31: 31.8 | EZ31: 26.6 | FA31: 9.4 | FB31: 8.8 | FC31: 2.3 | FD31: 7.9 | FE31: 0 | FF31: 3.8 | FG31: 12.2 | FH31: 14.8 | FI31: 11.2 | FJ31: 37.7 | FK31: 11.2 | FL31: 5.3 | FM31: 40.1
A32: 1901 | B32: 73.1 | C32: 77.9 | D32: 69.7 | E32: 70.7 | F32: 74.2 | G32: 64.7 | H32: 79.2 | I32: 75.2 | J32: 74.3 | K32: 72.9 | L32: 65.6 | M32: 76.4 | N32: 71.5 | O32: 103.4 | P32: 91.8 | Q32: 81.9 | R32: 151.5 | S32: 93.2 | T32: 103.4 | U32: #N/A | V32: 104.6 | W32: 96.5 | X32: 101.5 | Y32: 153.5 | Z32: 95.1 | AA32: 79.5 | AB32: 936.4 | AC32: 188.3 | AD32: 1508.7 | AE32: 179 | AF32: 109.6 | AG32: 517.8 | AH32: 156.1 | AI32: 105.9 | AJ32: 68.3 | AK32: 77.7 | AL32: 79.9 | AM32: 64.7 | AN32: 53.4 | AO32: 63 | AP32: 35.6 | AQ32: 87.2 | AR32: 64.3 | AS32: 50.8 | AT32: 21.3 | AU32: #N/A | AV32: 12.7 | AW32: 43.6 | AX32: 35.1 | AY32: 1.4 | AZ32: 59.6 | BA32: 50.2 | BB32: 71.8 | BC32: 69.6 | BD32: 53.3 | BE32: 105.5 | BF32: 126.7 | BG32: 104.8 | BH32: 93 | BI32: 79.4 | BJ32: 78 | BK32: 87.6 | BL32: 64.8 | BM32: 84.8 | BN32: 92.6 | BO32: 60.7 | BP32: 82.3 | BQ32: 100.2 | BR32: 93.1 | BS32: 85.4 | BT32: 74.8 | BU32: 96.1 | BV32: 126.8 | BW32: #N/A | BX32: 88 | BY32: 88 | BZ32: 90.5 | CA32: 105.5 | CB32: 74.3 | CC32: 99.4 | CD32: 111.9 | CE32: 93.9 | CF32: 46.1 | CG32: 76.6 | CH32: 125.7 | CI32: 32.4 | CJ32: 35.1 | CK32: 75.3 | CL32: 48 | CM32: 66.1 | CN32: 4.6 | CO32: 75.2 | CP32: 57.3 | CQ32: 61.9 | CR32: 61.3 | CS32: 80.2 | CT32: 109.3 | CU32: 43.9 | CV32: 97.6 | CW32: 44.5 | CX32: 63.6 | CY32: 10.7 | CZ32: 26.5 | DA32: #N/A | DB32: 58.8 | DC32: 65.3 | DD32: 1.01.1 | DE32: 107.2 | DF32: 46.2 | DG32: 77.9 | DH32: 38.7 | DI32: 50.5 | DJ32: 40.1 | DK32: 195.2 | DL32: 40.6 | DM32: 81.1 | DN32: 67.1 | DO32: 8.8 | DP32: 78.6 | DQ32: 35.6 | DR32: 26.9 | DS32: 21.8 | DT32: 301.9 | DU32: 25.2 | DV32: 34.8 | DW32: 7.3 | DX32: 22 | DY32: 6 | DZ32: 8 | EA32: 66.7 | EB32: 34.2 | EC32: 5.8 | ED32: 5.8 | EE32: 50.4 | EF32: 79 | EG32: 0.7 | EH32: 11.6 | EI32: 8.1 | EJ32: 9.7 | EK32: 8.7 | EL32: 70.2 | EM32: 6.7 | EN32: 6.8 | EO32: 77.8 | EP32: 16.2 | EQ32: 55.6 | ER32: 28.3 | ES32: 39.4 | ET32: 15.4 | EU32: 20.8 | EV32: 25.5 | EW32: 14 | EX32: 15.6 | EY32: 39.5 | EZ32: 26.8 | FA32: 9.8 | FB32: 10.5 | FC32: 1.6 | FD32: 8.6 | FE32: 0 | FF32: 6.6 | FG32: 20.8 | FH32: 16.2 | FI32: 21 | FJ32: 38.1 | FK32: 11.3 | FL32: 5.9 | FM32: 43.1
A33: 1902 | B33: 84.7 | C33: 83.2 | D33: 79.4 | E33: 79.6 | F33: 88.5 | G33: 71.4 | H33: 80.3 | I33: 83.3 | J33: 81.2 | K33: 78.1 | L33: 65.9 | M33: 73.8 | N33: 77.1 | O33: 107.8 | P33: 100.9 | Q33: 75.1 | R33: 138.3 | S33: 90.1 | T33: 79.3 | U33: #N/A | V33: 120.8 | W33: 96.3 | X33: 102.6 | Y33: 151.6 | Z33: 91.4 | AA33: 82.6 | AB33: 531 | AC33: 107.5 | AD33: 1198.5 | AE33: 135.4 | AF33: 88.9 | AG33: 259 | AH33: 144.9 | AI33: 93.6 | AJ33: 80.6 | AK33: 76 | AL33: 76.9 | AM33: 86.2 | AN33: 50.1 | AO33: 59.8 | AP33: 26.8 | AQ33: 99.7 | AR33: 74.3 | AS33: 49 | AT33: 36.9 | AU33: #N/A | AV33: 7.9 | AW33: 36.4 | AX33: 37 | AY33: 2.1 | AZ33: 59.7 | BA33: 51.7 | BB33: 70.8 | BC33: 72.7 | BD33: 55.3 | BE33: 101.3 | BF33: 121.9 | BG33: 78.5 | BH33: 85.5 | BI33: 79.4 | BJ33: 75.7 | BK33: 83.8 | BL33: 56.4 | BM33: 108.6 | BN33: 91.3 | BO33: 59.9 | BP33: 82.1 | BQ33: 105.8 | BR33: 97.1 | BS33: 87.5 | BT33: 80.3 | BU33: 90 | BV33: 132.7 | BW33: #N/A | BX33: 89.8 | BY33: 89.8 | BZ33: 85.9 | CA33: 90.7 | CB33: 66.6 | CC33: 88.1 | CD33: 107.1 | CE33: 91.4 | CF33: 52.1 | CG33: 122.2 | CH33: 110.9 | CI33: 36.4 | CJ33: 42.4 | CK33: 78.6 | CL33: 52.3 | CM33: 68.7 | CN33: 4.2 | CO33: 93.2 | CP33: 63.1 | CQ33: 71.6 | CR33: 72 | CS33: 113.7 | CT33: 131.8 | CU33: 49.2 | CV33: 113.5 | CW33: 47.9 | CX33: 76.5 | CY33: 20 | CZ33: 26.8 | DA33: #N/A | DB33: 71.9 | DC33: 64 | DD33: 111 | DE33: 89.4 | DF33: 58.1 | DG33: 213.3 | DH33: 62.1 | DI33: 53.3 | DJ33: 26.4 | DK33: 119 | DL33: 36.8 | DM33: 69.1 | DN33: 64.9 | DO33: 4.9 | DP33: 74 | DQ33: 34.8 | DR33: 34.6 | DS33: 22.8 | DT33: 291.5 | DU33: 32.4 | DV33: 35.3 | DW33: 7.3 | DX33: 18.2 | DY33: 6.3 | DZ33: 8.4 | EA33: 62.3 | EB33: 45.3 | EC33: 6.3 | ED33: 4.1 | EE33: 42 | EF33: 84.4 | EG33: 1.1 | EH33: 11.1 | EI33: 8.6 | EJ33: 10.8 | EK33: 14.6 | EL33: 64.2 | EM33: 7.3 | EN33: 8 | EO33: 60.9 | EP33: 16.2 | EQ33: 57.7 | ER33: 25.4 | ES33: 46.7 | ET33: 14.8 | EU33: 30.9 | EV33: 29.6 | EW33: 19.6 | EX33: 18.8 | EY33: 46.7 | EZ33: 32.4 | FA33: 10.8 | FB33: 13.6 | FC33: 2.9 | FD33: 9.1 | FE33: 0 | FF33: 8.3 | FG33: 20.8 | FH33: 16.8 | FI33: 15.1 | FJ33: 42.8 | FK33: 27.4 | FL33: 9 | FM33: 44.3
A34: 1903 | B34: 74.2 | C34: 87.4 | D34: 71.9 | E34: 81.5 | F34: 81.6 | G34: 69.9 | H34: 82.7 | I34: 79.7 | J34: 80.2 | K34: 81.6 | L34: 80.9 | M34: 76.2 | N34: 81.5 | O34: 109.2 | P34: 103.1 | Q34: 82.5 | R34: 135.7 | S34: 105.6 | T34: 85.7 | U34: #N/A | V34: 114.6 | W34: 102.5 | X34: 101.5 | Y34: 151.9 | Z34: 91.7 | AA34: 86.3 | AB34: 904.4 | AC34: 100.2 | AD34: 1340.6 | AE34: 119.5 | AF34: 100.9 | AG34: 266.8 | AH34: 154.9 | AI34: 83.5 | AJ34: 70.1 | AK34: 75.5 | AL34: 81.5 | AM34: 65.9 | AN34: 60 | AO34: 59.8 | AP34: 39.1 | AQ34: 97.3 | AR34: 86.5 | AS34: 44.3 | AT34: 32.3 | AU34: #N/A | AV34: 8.2 | AW34: 34.2 | AX34: 40.8 | AY34: 3.2 | AZ34: 61.6 | BA34: 56.8 | BB34: 73.1 | BC34: 99.8 | BD34: 51.3 | BE34: 96.7 | BF34: 125 | BG34: 89.5 | BH34: 87 | BI34: 80.4 | BJ34: 94.1 | BK34: 87.8 | BL34: 57.9 | BM34: 99.3 | BN34: 91.9 | BO34: 74.3 | BP34: 82.5 | BQ34: 115.3 | BR34: 96.3 | BS34: 86.2 | BT34: 82.2 | BU34: 90.2 | BV34: 130.8 | BW34: #N/A | BX34: 90.7 | BY34: 90.7 | BZ34: 80.6 | CA34: 84.1 | CB34: 69.3 | CC34: 90.1 | CD34: 101.3 | CE34: 94.8 | CF34: 56 | CG34: 115.8 | CH34: 114.3 | CI34: 40.2 | CJ34: 45.4 | CK34: 69.8 | CL34: 54.7 | CM34: 62.6 | CN34: 47 | CO34: 96.1 | CP34: 57.3 | CQ34: 83.6 | CR34: 76.3 | CS34: 106.7 | CT34: 134.9 | CU34: 41.7 | CV34: 109.6 | CW34: 51.1 | CX34: 65.3 | CY34: 24.3 | CZ34: 30.7 | DA34: #N/A | DB34: 89.1 | DC34: 60.8 | DD34: 132.7 | DE34: 51.6 | DF34: 63.2 | DG34: 199.9 | DH34: 72 | DI34: 56.7 | DJ34: 39.4 | DK34: 116.4 | DL34: 37.3 | DM34: 62.4 | DN34: 67.9 | DO34: 4.9 | DP34: 81.5 | DQ34: 29.7 | DR34: 29.8 | DS34: 23.7 | DT34: 379.6 | DU34: 25.6 | DV34: 44.6 | DW34: 7.3 | DX34: 27.2 | DY34: 6.8 | DZ34: 9.6 | EA34: 65.8 | EB34: 42.9 | EC34: 6.8 | ED34: 4 | EE34: 42 | EF34: 92 | EG34: 1.6 | EH34: 11.5 | EI34: 9.9 | EJ34: 12 | EK34: 17.1 | EL34: 61.3 | EM34: 7.6 | EN34: 8.7 | EO34: 61.5 | EP34: 17.3 | EQ34: 53.3 | ER34: 35.8 | ES34: 50.4 | ET34: 13.8 | EU34: 32.9 | EV34: 31.5 | EW34: 22.8 | EX34: 19.3 | EY34: 43.1 | EZ34: 31.1 | FA34: 11.4 | FB34: 11.9 | FC34: 3.5 | FD34: 10.3 | FE34: 0 | FF34: 10.4 | FG34: 20 | FH34: 18.9 | FI34: 8.1 | FJ34: 48.4 | FK34: 26.3 | FL34: 9.9 | FM34: 48.9
A35: 1904 | B35: 76.3 | C35: 89.9 | D35: 68.3 | E35: 75.5 | F35: 69.5 | G35: 62.3 | H35: 90.1 | I35: 74.3 | J35: 76.1 | K35: 82.9 | L35: 84.8 | M35: 84.8 | N35: 80.2 | O35: 114 | P35: 102.2 | Q35: 92.5 | R35: 136.8 | S35: 106.5 | T35: 83.4 | U35: #N/A | V35: 97.5 | W35: 98.4 | X35: 101 | Y35: 138.5 | Z35: 92.4 | AA35: 86.4 | AB35: 990 | AC35: 34.6 | AD35: 1222.8 | AE35: 123 | AF35: 105.1 | AG35: 362.5 | AH35: 96.5 | AI35: 90.1 | AJ35: 78.3 | AK35: 83.8 | AL35: 75.9 | AM35: 74.6 | AN35: 62.4 | AO35: 61.5 | AP35: 41 | AQ35: 81.3 | AR35: 74 | AS35: 49.5 | AT35: 58.6 | AU35: #N/A | AV35: 31.6 | AW35: 46.2 | AX35: 43.2 | AY35: 4.1 | AZ35: 63.7 | BA35: 60 | BB35: 69 | BC35: 85.8 | BD35: 64 | BE35: 95.5 | BF35: 114 | BG35: 99.6 | BH35: 89 | BI35: 81.9 | BJ35: 105.7 | BK35: 88 | BL35: 58.3 | BM35: 106.2 | BN35: 95.7 | BO35: 82.1 | BP35: 83.2 | BQ35: 103.2 | BR35: 95 | BS35: 84.9 | BT35: 83.7 | BU35: 96.8 | BV35: 130 | BW35: #N/A | BX35: 95.1 | BY35: 95.1 | BZ35: 80.2 | CA35: 83.5 | CB35: 70.4 | CC35: 86.8 | CD35: 98.1 | CE35: 95.5 | CF35: 62.1 | CG35: 120 | CH35: 130.5 | CI35: 47.3 | CJ35: 46.7 | CK35: 86.2 | CL35: 51.5 | CM35: 66.4 | CN35: 51.1 | CO35: 85.9 | CP35: 58.3 | CQ35: 76.6 | CR35: 70.4 | CS35: 124.3 | CT35: 111.7 | CU35: 59.3 | CV35: 100.5 | CW35: 52.6 | CX35: 65.3 | CY35: 26.4 | CZ35: 30.8 | DA35: #N/A | DB35: 88.2 | DC35: 53.6 | DD35: 124.3 | DE35: 46.2 | DF35: 63.1 | DG35: 77.3 | DH35: 54.4 | DI35: 55.5 | DJ35: 44.3 | DK35: 41.3 | DL35: 32.3 | DM35: 59.6 | DN35: 60.3 | DO35: 6 | DP35: 55.3 | DQ35: 30.6 | DR35: 31.5 | DS35: 28.7 | DT35: 370.4 | DU35: 32.2 | DV35: 45.6 | DW35: 7.9 | DX35: 28.2 | DY35: 6.4 | DZ35: 8.3 | EA35: 74.3 | EB35: 75.7 | EC35: 8.9 | ED35: 13.3 | EE35: 54.4 | EF35: 96.9 | EG35: 1.9 | EH35: 12 | EI35: 10.5 | EJ35: 12.5 | EK35: 16.9 | EL35: 87.4 | EM35: 8.9 | EN35: 8.2 | EO35: 84.7 | EP35: 16.7 | EQ35: 57.6 | ER35: 45.5 | ES35: 45.2 | ET35: 14.1 | EU35: 32.2 | EV35: 30.3 | EW35: 29.4 | EX35: 16.1 | EY35: 54.9 | EZ35: 28.1 | FA35: 11.5 | FB35: 12.1 | FC35: 4.1 | FD35: 10.3 | FE35: 0 | FF35: 10.8 | FG35: 18.5 | FH35: 18.1 | FI35: 9.6 | FJ35: 49.6 | FK35: 9.8 | FL35: 7.2 | FM35: 48.3
A36: 1905 | B36: 77.5 | C36: 88.6 | D36: 69 | E36: 72.6 | F36: 69.4 | G36: 70.5 | H36: 82.1 | I36: 72.4 | J36: 77.8 | K36: 86.9 | L36: 73.7 | M36: 86 | N36: 80.3 | O36: 113.2 | P36: 98.9 | Q36: 78.1 | R36: 141.3 | S36: 88.8 | T36: 97.2 | U36: #N/A | V36: 106.3 | W36: 98.7 | X36: 98.6 | Y36: 134.4 | Z36: 101 | AA36: 88.3 | AB36: 966.5 | AC36: 80.5 | AD36: 1310.2 | AE36: 142.4 | AF36: 129.8 | AG36: 309.7 | AH36: 110.6 | AI36: 113.8 | AJ36: 65 | AK36: 84.9 | AL36: 92.7 | AM36: 126 | AN36: 59 | AO36: 69 | AP36: 43.5 | AQ36: 92.2 | AR36: 68.1 | AS36: 58.8 | AT36: 56.5 | AU36: #N/A | AV36: 27.1 | AW36: 50.2 | AX36: 51.3 | AY36: 6 | AZ36: 67.4 | BA36: 68.1 | BB36: 66 | BC36: 84 | BD36: 68.6 | BE36: 89 | BF36: 99.5 | BG36: 134.5 | BH36: 91.6 | BI36: 84.7 | BJ36: 113 | BK36: 88.4 | BL36: 64.6 | BM36: 108.5 | BN36: 93.3 | BO36: 94.7 | BP36: 84.7 | BQ36: 110.1 | BR36: 97.1 | BS36: 93.9 | BT36: 84.6 | BU36: 99.2 | BV36: 135.5 | BW36: #N/A | BX36: 91.9 | BY36: 91.9 | BZ36: 89.4 | CA36: 90.9 | CB36: 76.6 | CC36: 89.5 | CD36: 101.1 | CE36: 95 | CF36: 65.2 | CG36: 108.7 | CH36: 104.9 | CI36: 51.2 | CJ36: 64.2 | CK36: 77.8 | CL36: 56.2 | CM36: 81.8 | CN36: 53.9 | CO36: 99.1 | CP36: 62.5 | CQ36: 83.9 | CR36: 80.6 | CS36: 171.9 | CT36: 145.4 | CU36: 55.5 | CV36: 107.1 | CW36: 50.8 | CX36: 79.9 | CY36: 28.6 | CZ36: 35.5 | DA36: #N/A | DB36: 89.1 | DC36: 84.5 | DD36: 118 | DE36: 56.8 | DF36: 70 | DG36: 109.6 | DH36: 55.4 | DI36: 60.3 | DJ36: 43.9 | DK36: 94.9 | DL36: 34.9 | DM36: 66.3 | DN36: 74.3 | DO36: 5.8 | DP36: 57.7 | DQ36: 37.7 | DR36: 26.8 | DS36: 28.4 | DT36: 393.3 | DU36: 55.2 | DV36: 43.2 | DW36: 8.8 | DX36: 29 | DY36: 6.1 | DZ36: 7.9 | EA36: 73.6 | EB36: 85.1 | EC36: 10.3 | ED36: 12.4 | EE36: 59.4 | EF36: 112.3 | EG36: 2.7 | EH36: 13.9 | EI36: 12.1 | EJ36: 12.6 | EK36: 15 | EL36: 75.3 | EM36: 9 | EN36: 9.8 | EO36: 103.1 | EP36: 18.7 | EQ36: 73.4 | ER36: 51.2 | ES36: 52.4 | ET36: 16.8 | EU36: 36.1 | EV36: 33.8 | EW36: 46.8 | EX36: 21.4 | EY36: 54.8 | EZ36: 30.6 | FA36: 12.3 | FB36: 15 | FC36: 4.5 | FD36: 12.4 | FE36: 0.1 | FF36: 10.6 | FG36: 28.2 | FH36: 19.2 | FI36: 12.9 | FJ36: 59.8 | FK36: 14.3 | FL36: 7.6 | FM36: 52.1
A37: 1906 | B37: 78.9 | C37: 84.4 | D37: 69.3 | E37: 77.5 | F37: 75.4 | G37: 73.3 | H37: 86.9 | I37: 81.4 | J37: 82.1 | K37: 86.5 | L37: 83.6 | M37: 90.5 | N37: 97.4 | O37: 104.1 | P37: 98.6 | Q37: 83.8 | R37: 140.8 | S37: 89.6 | T37: 119.1 | U37: #N/A | V37: 109.7 | W37: 107.4 | X37: 99.1 | Y37: 131.4 | Z37: 100.6 | AA37: 92.1 | AB37: 886.8 | AC37: 106.7 | AD37: 1220.1 | AE37: 151.8 | AF37: 129.6 | AG37: 468.3 | AH37: 117.3 | AI37: 104.2 | AJ37: 73.9 | AK37: 99.2 | AL37: 85.9 | AM37: 88.6 | AN37: 67.1 | AO37: 88.2 | AP37: 46.2 | AQ37: 109.2 | AR37: 73.5 | AS37: 61.8 | AT37: 48.4 | AU37: #N/A | AV37: 84.9 | AW37: 54.9 | AX37: 61.7 | AY37: 10.1 | AZ37: 75.3 | BA37: 70.4 | BB37: 79.4 | BC37: 85.2 | BD37: 68.7 | BE37: 92.7 | BF37: 95.5 | BG37: 99.7 | BH37: 107.4 | BI37: 92.6 | BJ37: 119.3 | BK37: 88.1 | BL37: 81.5 | BM37: 107.2 | BN37: 97.7 | BO37: 101.7 | BP37: 88.9 | BQ37: 119.8 | BR37: 95.9 | BS37: 94.4 | BT37: 91.2 | BU37: 100.3 | BV37: 129.9 | BW37: #N/A | BX37: 106.3 | BY37: 106.3 | BZ37: 88.2 | CA37: 104.4 | CB37: 96.3 | CC37: 111.2 | CD37: 99.2 | CE37: 99.6 | CF37: 65.6 | CG37: 100.5 | CH37: 100.5 | CI37: 55.8 | CJ37: 79.4 | CK37: 80.9 | CL37: 68.3 | CM37: 85.5 | CN37: 55.9 | CO37: 124.9 | CP37: 74.5 | CQ37: 74 | CR37: 91.8 | CS37: 131.1 | CT37: 146.9 | CU37: 60.2 | CV37: 110.9 | CW37: 63.5 | CX37: 97.5 | CY37: 31.4 | CZ37: 46.5 | DA37: #N/A | DB37: 87.7 | DC37: 88.2 | DD37: 135.5 | DE37: 52.9 | DF37: 79.4 | DG37: 134.4 | DH37: 64.2 | DI37: 66.7 | DJ37: 41 | DK37: 119.8 | DL37: 32.7 | DM37: 75.4 | DN37: 80.6 | DO37: 9.1 | DP37: 64.8 | DQ37: 38.8 | DR37: 32.1 | DS37: 33 | DT37: 413.1 | DU37: 40 | DV37: 59.6 | DW37: 10.3 | DX37: 30.7 | DY37: 7.7 | DZ37: 8.5 | EA37: 78 | EB37: 89.4 | EC37: 12.1 | ED37: 16.5 | EE37: 70.6 | EF37: 135.8 | EG37: 4.4 | EH37: 15.5 | EI37: 13.1 | EJ37: 15.3 | EK37: 14 | EL37: 72.3 | EM37: 10.2 | EN37: 11.7 | EO37: 79.5 | EP37: 26.6 | EQ37: 83.9 | ER37: 56 | ES37: 65.8 | ET37: 25.3 | EU37: 31.5 | EV37: 40.3 | EW37: 38.4 | EX37: 22.7 | EY37: 64.7 | EZ37: 31.3 | FA37: 15.5 | FB37: 19.7 | FC37: 5 | FD37: 15.5 | FE37: 0.1 | FF37: 12 | FG37: 34 | FH37: 21.8 | FI37: 13.8 | FJ37: 85.1 | FK37: 21.9 | FL37: 8.6 | FM37: 60.5
A38: 1907 | B38: 81.2 | C38: 98.9 | D38: 74.5 | E38: 82.7 | F38: 83.1 | G38: 81.9 | H38: 90.9 | I38: 88 | J38: 87.5 | K38: 93.7 | L38: 87.3 | M38: 99.9 | N38: 102.4 | O38: 109 | P38: 98.9 | Q38: 83.4 | R38: 142 | S38: 94.6 | T38: 119.3 | U38: #N/A | V38: 121.9 | W38: 116 | X38: 101.2 | Y38: 129 | Z38: 101.6 | AA38: 93 | AB38: 773.8 | AC38: 105.6 | AD38: 1105.3 | AE38: 128.9 | AF38: 118.2 | AG38: 216.2 | AH38: 123.1 | AI38: 104.2 | AJ38: 70.9 | AK38: 78.4 | AL38: 93.5 | AM38: 46.7 | AN38: 72.5 | AO38: 70.8 | AP38: 60.3 | AQ38: 89.9 | AR38: 87.9 | AS38: 63.8 | AT38: 53.2 | AU38: #N/A | AV38: 32.5 | AW38: 59.1 | AX38: 67.4 | AY38: 13.4 | AZ38: 80.1 | BA38: 78.9 | BB38: 87.8 | BC38: 91.2 | BD38: 62.2 | BE38: 138.7 | BF38: 91.6 | BG38: 105.5 | BH38: 116.2 | BI38: 96.4 | BJ38: 113.2 | BK38: 90.5 | BL38: 92.4 | BM38: 106.7 | BN38: 104.4 | BO38: 106.6 | BP38: 91.3 | BQ38: 142.6 | BR38: 100.7 | BS38: 84.3 | BT38: 103.5 | BU38: 101.7 | BV38: 127.4 | BW38: #N/A | BX38: 93 | BY38: 93 | BZ38: 87.5 | CA38: 113.3 | CB38: 109 | CC38: 114.3 | CD38: 99.3 | CE38: 104 | CF38: 88.1 | CG38: 111.3 | CH38: 110.3 | CI38: 55.5 | CJ38: 84.2 | CK38: 80.6 | CL38: 57.5 | CM38: 76.1 | CN38: 56.9 | CO38: 138.6 | CP38: 75.1 | CQ38: 77.9 | CR38: 95 | CS38: 129.4 | CT38: 147.8 | CU38: 56.1 | CV38: 122.9 | CW38: 84.2 | CX38: 91.3 | CY38: 49.5 | CZ38: 62.8 | DA38: #N/A | DB38: 75.5 | DC38: 75.6 | DD38: 142.3 | DE38: 58.5 | DF38: 71 | DG38: 145.5 | DH38: 74 | DI38: 69.5 | DJ38: 36.9 | DK38: 138.8 | DL38: 31.8 | DM38: 68.3 | DN38: 81.1 | DO38: 4.7 | DP38: 71.2 | DQ38: 41.9 | DR38: 32.8 | DS38: 28.2 | DT38: 469.8 | DU38: 23.7 | DV38: 67.7 | DW38: 8.7 | DX38: 40.2 | DY38: 6.3 | DZ38: 10.2 | EA38: 85 | EB38: 98.3 | EC38: 13.7 | ED38: 17.1 | EE38: 82.2 | EF38: 151.4 | EG38: 5.8 | EH38: 16.6 | EI38: 14.8 | EJ38: 22.7 | EK38: 16.7 | EL38: 71.8 | EM38: 15.2 | EN38: 11.9 | EO38: 83.8 | EP38: 24.3 | EQ38: 77.7 | ER38: 54.2 | ES38: 75 | ET38: 28.8 | EU38: 33 | EV38: 44.6 | EW38: 39.7 | EX38: 23.4 | EY38: 71.8 | EZ38: 36.5 | FA38: 18.3 | FB38: 20.9 | FC38: 8 | FD38: 20.6 | FE38: 0.4 | FF38: 9.1 | FG38: 25.5 | FH38: 22.7 | FI38: 16.6 | FJ38: 86.4 | FK38: 24.2 | FL38: 10 | FM38: 64.1
A39: 1908 | B39: 80.9 | C39: 107.2 | D39: 81.2 | E39: 79.1 | F39: 83.2 | G39: 81.1 | H39: 100.9 | I39: 86.7 | J39: 90.4 | K39: 87.6 | L39: 78.1 | M39: 89.6 | N39: 96.3 | O39: 108.9 | P39: 98.5 | Q39: 82 | R39: 141.1 | S39: 96.4 | T39: 86 | U39: #N/A | V39: 118.3 | W39: 111.9 | X39: 102.6 | Y39: 134.6 | Z39: 87.4 | AA39: 93.5 | AB39: 559.1 | AC39: 87.9 | AD39: 674.9 | AE39: 133.7 | AF39: 115.4 | AG39: 240.6 | AH39: 103.4 | AI39: 114.4 | AJ39: 68.2 | AK39: 84.2 | AL39: 97.6 | AM39: 53.2 | AN39: 62.2 | AO39: 59.3 | AP39: 55.5 | AQ39: 94.1 | AR39: 60 | AS39: 75.3 | AT39: 68.5 | AU39: #N/A | AV39: 27.3 | AW39: 46 | AX39: 53.6 | AY39: 11 | AZ39: 77.1 | BA39: 74.1 | BB39: 74.9 | BC39: 88.9 | BD39: 62.3 | BE39: 105.6 | BF39: 89.3 | BG39: 116.9 | BH39: 113.4 | BI39: 79.4 | BJ39: 92.4 | BK39: 87 | BL39: 70.2 | BM39: 83.5 | BN39: 100.9 | BO39: 79.6 | BP39: 89.2 | BQ39: 106.9 | BR39: 97 | BS39: 85 | BT39: 104.2 | BU39: 102.8 | BV39: 118.4 | BW39: #N/A | BX39: 44.8 | BY39: 44.8 | BZ39: 87.1 | CA39: 97.1 | CB39: 77.3 | CC39: 92.9 | CD39: 102.6 | CE39: 98.2 | CF39: 71.8 | CG39: 102.1 | CH39: 110.1 | CI39: 62.5 | CJ39: 77.6 | CK39: 77.6 | CL39: 59.5 | CM39: 68.6 | CN39: 59.4 | CO39: 103.3 | CP39: 65.1 | CQ39: 73 | CR39: 74.7 | CS39: 101.8 | CT39: 100.4 | CU39: 66.9 | CV39: 84.8 | CW39: 63 | CX39: 74.6 | CY39: 42.6 | CZ39: 54.3 | DA39: #N/A | DB39: 44 | DC39: 81.3 | DD39: 100.3 | DE39: 63.4 | DF39: 63.9 | DG39: 72.4 | DH39: 49.7 | DI39: 57.9 | DJ39: 26.5 | DK39: 125.3 | DL39: 21.2 | DM39: 67.8 | DN39: 79.1 | DO39: 5.2 | DP39: 66.3 | DQ39: 45.3 | DR39: 32.6 | DS39: 28.4 | DT39: 438.8 | DU39: 24.3 | DV39: 54.6 | DW39: 7.3 | DX39: 36.9 | DY39: 6.5 | DZ39: 6.9 | EA39: 102.3 | EB39: 91.4 | EC39: 9.4 | ED39: 13.9 | EE39: 61.7 | EF39: 121.9 | EG39: 4.9 | EH39: 13.8 | EI39: 15 | EJ39: 15.8 | EK39: 14.9 | EL39: 71.8 | EM39: 13 | EN39: 10.7 | EO39: 89.4 | EP39: 24.5 | EQ39: 57.7 | ER39: 46.2 | ES39: 53.8 | ET39: 19 | EU39: 24.2 | EV39: 33.9 | EW39: 23.3 | EX39: 15.6 | EY39: 64.2 | EZ39: 24.2 | FA39: 13.8 | FB39: 17.2 | FC39: 7 | FD39: 16.6 | FE39: 0.4 | FF39: 2.5 | FG39: 13.2 | FH39: 15.9 | FI39: 15.7 | FJ39: 55.1 | FK39: 9.8 | FL39: 6.9 | FM39: 50.5
A40: 1909 | B40: 89.9 | C40: 112.5 | D40: 81.1 | E40: 82.1 | F40: 94.4 | G40: 91.3 | H40: 109.3 | I40: 90.6 | J40: 88.2 | K40: 93.6 | L40: 92.3 | M40: 87.8 | N40: 92.6 | O40: 93.6 | P40: 97.4 | Q40: 77.3 | R40: 121.1 | S40: 90.5 | T40: 85.4 | U40: #N/A | V40: 102.9 | W40: 104.2 | X40: 103.2 | Y40: 130.7 | Z40: 85.6 | AA40: 93.1 | AB40: 343.1 | AC40: 53.8 | AD40: 470.3 | AE40: 106.1 | AF40: 93.3 | AG40: 91.3 | AH40: 79.3 | AI40: 96.1 | AJ40: 78.9 | AK40: 92.3 | AL40: 86.9 | AM40: 72 | AN40: 66.8 | AO40: 83.2 | AP40: 58.5 | AQ40: 92.3 | AR40: 76.8 | AS40: 76.8 | AT40: 71.4 | AU40: #N/A | AV40: 40.3 | AW40: 54.1 | AX40: 51.4 | AY40: 17.9 | AZ40: 88.2 | BA40: 77.1 | BB40: 72.2 | BC40: 86 | BD40: 61.8 | BE40: 87.1 | BF40: 89.9 | BG40: 116.1 | BH40: 103.7 | BI40: 83.8 | BJ40: 137.5 | BK40: 84 | BL40: 61 | BM40: 75.3 | BN40: 91.3 | BO40: 87.1 | BP40: 87.3 | BQ40: 103.8 | BR40: 96.6 | BS40: 92 | BT40: 101.5 | BU40: 99.2 | BV40: 102.6 | BW40: #N/A | BX40: 58.1 | BY40: 58.1 | BZ40: 87.2 | CA40: 92.9 | CB40: 73.4 | CC40: 88.9 | CD40: 97.9 | CE40: 91.4 | CF40: 89.6 | CG40: 117.4 | CH40: 133.7 | CI40: 77.9 | CJ40: 85.9 | CK40: 79.8 | CL40: 68.8 | CM40: 116.8 | CN40: 71.7 | CO40: 128 | CP40: 80.8 | CQ40: 90 | CR40: 100 | CS40: 221.6 | CT40: 145.6 | CU40: 79.4 | CV40: 100.7 | CW40: 76 | CX40: 96.2 | CY40: 65.3 | CZ40: 72.7 | DA40: #N/A | DB40: 123.6 | DC40: 174.6 | DD40: 106.6 | DE40: 79.9 | DF40: 86.9 | DG40: 109.9 | DH40: 69.9 | DI40: 79.6 | DJ40: 18.1 | DK40: 80.5 | DL40: 14.7 | DM40: 55.9 | DN40: 72.7 | DO40: 2.2 | DP40: 55.2 | DQ40: 39.8 | DR40: 36.8 | DS40: 33.2 | DT40: 461.9 | DU40: 32.2 | DV40: 56.4 | DW40: 8.8 | DX40: 38.4 | DY40: 6 | DZ40: 7.6 | EA40: 97.8 | EB40: 94.6 | EC40: 10 | ED40: 17.9 | EE40: 67.6 | EF40: 117.6 | EG40: 7.8 | EH40: 15.4 | EI40: 15.6 | EJ40: 18.9 | EK40: 16.6 | EL40: 86.5 | EM40: 13.4 | EN40: 11.9 | EO40: 91.3 | EP40: 25.9 | EQ40: 103.7 | ER40: 83.7 | ES40: 64.3 | ET40: 20.5 | EU40: 26.9 | EV40: 41 | EW40: 55.5 | EX40: 22.1 | EY40: 74.1 | EZ40: 28.6 | FA40: 18 | FB40: 21.6 | FC40: 10.3 | FD40: 19.2 | FE40: 0.2 | FF40: 9.3 | FG40: 36.8 | FH40: 16.9 | FI40: 19.4 | FJ40: 71.2 | FK40: 14.2 | FL40: 9.3 | FM40: 64.6
A41: 1910 | B41: 91.7 | C41: 104.4 | D41: 88.3 | E41: 101.5 | F41: 108.3 | G41: 95 | H41: 106.5 | I41: 103.7 | J41: 92.5 | K41: 92.1 | L41: 113.4 | M41: 99.9 | N41: 94 | O41: 92.9 | P41: 96.1 | Q41: 70.7 | R41: 105.8 | S41: 84.7 | T41: 83 | U41: #N/A | V41: 102.8 | W41: 106.2 | X41: 103.4 | Y41: 146 | Z41: 93.5 | AA41: 98.5 | AB41: 209.9 | AC41: 41.1 | AD41: 302.3 | AE41: 71 | AF41: 74.6 | AG41: 88.5 | AH41: 71.2 | AI41: 71.6 | AJ41: 73.7 | AK41: 105.8 | AL41: 81.3 | AM41: 62.8 | AN41: 77.8 | AO41: 90.8 | AP41: 64 | AQ41: 90.5 | AR41: 84.7 | AS41: 74.3 | AT41: 75 | AU41: #N/A | AV41: 54.5 | AW41: 65.7 | AX41: 65.2 | AY41: 27.1 | AZ41: 88.6 | BA41: 83.3 | BB41: 84.9 | BC41: 92 | BD41: 74.7 | BE41: 82.4 | BF41: 92.6 | BG41: 113.2 | BH41: 102.9 | BI41: 87.2 | BJ41: 169.2 | BK41: 86.8 | BL41: 54.5 | BM41: 76.2 | BN41: 94.7 | BO41: 97.8 | BP41: 86.6 | BQ41: 98.4 | BR41: 97.3 | BS41: 95.8 | BT41: 102.9 | BU41: 95.8 | BV41: 98.2 | BW41: #N/A | BX41: 68.7 | BY41: 68.7 | BZ41: 85.6 | CA41: 91.5 | CB41: 76.4 | CC41: 90.9 | CD41: 94.5 | CE41: 90 | CF41: 92 | CG41: 110.2 | CH41: 94.4 | CI41: 74.4 | CJ41: 87.3 | CK41: 87.5 | CL41: 66.1 | CM41: 93.3 | CN41: 76.9 | CO41: 116.8 | CP41: 94.1 | CQ41: 84.5 | CR41: 99.1 | CS41: 128.3 | CT41: 143.6 | CU41: 77.1 | CV41: 99.3 | CW41: 84.7 | CX41: 100.6 | CY41: 87.1 | CZ41: 78.6 | DA41: #N/A | DB41: 107 | DC41: 147.8 | DD41: 121 | DE41: 92.9 | DF41: 94.8 | DG41: 144.2 | DH41: 90.9 | DI41: 89.8 | DJ41: 11.3 | DK41: 57.1 | DL41: 10.3 | DM41: 46.2 | DN41: 66.6 | DO41: 2.2 | DP41: 48.2 | DQ41: 33.9 | DR41: 36.1 | DS41: 37.5 | DT41: 530.8 | DU41: 32 | DV41: 66.7 | DW41: 9.5 | DX41: 41.5 | DY41: 5.4 | DZ41: 7.3 | EA41: 88.7 | EB41: 96.5 | EC41: 13.2 | ED41: 24.2 | EE41: 83.7 | EF41: 149.5 | EG41: 13.2 | EH41: 16.9 | EI41: 17.8 | EJ41: 22.9 | EK41: 16.6 | EL41: 73.7 | EM41: 12.1 | EN41: 12.4 | EO41: 114.9 | EP41: 24.7 | EQ41: 86.1 | ER41: 110.4 | ES41: 60.6 | ET41: 21.3 | EU41: 25.5 | EV41: 42.2 | EW41: 36.1 | EX41: 21.6 | EY41: 68.1 | EZ41: 28.2 | FA41: 20.9 | FB41: 22.9 | FC41: 13.3 | FD41: 19.9 | FE41: 1.4 | FF41: 9.4 | FG41: 36.8 | FH41: 19 | FI41: 22.2 | FJ41: 80.9 | FK41: 19.1 | FL41: 11.7 | FM41: 72.2
A42: 1911 | B42: 84.4 | C42: 99.4 | D42: 80.3 | E42: 89.8 | F42: 87.8 | G42: 83.2 | H42: 92.4 | I42: 98.8 | J42: 95.9 | K42: 97.4 | L42: 90.3 | M42: 99.8 | N42: 93.3 | O42: 92.9 | P42: 97.7 | Q42: 70.8 | R42: 95.1 | S42: 80.5 | T42: 81.9 | U42: #N/A | V42: 98.3 | W42: 99.2 | X42: 101.4 | Y42: 120.4 | Z42: 94.2 | AA42: 101.6 | AB42: 364.6 | AC42: 52.9 | AD42: 238.3 | AE42: 103.6 | AF42: 113.3 | AG42: 198.3 | AH42: 101.5 | AI42: 98 | AJ42: 83 | AK42: 104.9 | AL42: 99.5 | AM42: 83.3 | AN42: 88 | AO42: 98.8 | AP42: 79.9 | AQ42: 103 | AR42: 90.7 | AS42: 88 | AT42: 85.4 | AU42: #N/A | AV42: 86.6 | AW42: 83.4 | AX42: 79.9 | AY42: 47.8 | AZ42: 105.3 | BA42: 89.4 | BB42: 91.6 | BC42: 95.4 | BD42: 98.9 | BE42: 85.9 | BF42: 97.1 | BG42: 119.2 | BH42: 109.4 | BI42: 85.7 | BJ42: 132.8 | BK42: 90.2 | BL42: 65.3 | BM42: 77.2 | BN42: 97.8 | BO42: 89.8 | BP42: 95.3 | BQ42: 99.8 | BR42: 97 | BS42: 95.3 | BT42: 97.6 | BU42: 94.5 | BV42: 101.4 | BW42: #N/A | BX42: 79.6 | BY42: 79.6 | BZ42: 88.5 | CA42: 91.8 | CB42: 86 | CC42: 91.7 | CD42: 94.5 | CE42: 94 | CF42: 93.1 | CG42: 117 | CH42: 93.9 | CI42: 86.3 | CJ42: 98.6 | CK42: 86.2 | CL42: 80.8 | CM42: 89.8 | CN42: 78 | CO42: 109.4 | CP42: 81.5 | CQ42: 82 | CR42: 91.7 | CS42: 98.6 | CT42: 98.1 | CU42: 74.7 | CV42: 82.4 | CW42: 79.2 | CX42: 93.6 | CY42: 95.5 | CZ42: 75.1 | DA42: #N/A | DB42: 97.6 | DC42: 122.3 | DD42: 109.6 | DE42: 69.5 | DF42: 93 | DG42: 79.5 | DH42: 85.7 | DI42: 91.8 | DJ42: 18 | DK42: 69.9 | DL42: 7.4 | DM42: 59.7 | DN42: 82.1 | DO42: 4.4 | DP42: 59.6 | DQ42: 44.3 | DR42: 42.2 | DS42: 39.3 | DT42: 517.1 | DU42: 42.3 | DV42: 74.9 | DW42: 10.3 | DX42: 52.6 | DY42: 6.2 | DZ42: 7 | EA42: 99.8 | EB42: 108.4 | EC42: 16 | ED42: 36.8 | EE42: 99.2 | EF42: 179.7 | EG42: 19.2 | EH42: 20.3 | EI42: 19.7 | EJ42: 25 | EK42: 18.3 | EL42: 97.2 | EM42: 14.6 | EN42: 14.7 | EO42: 101.3 | EP42: 32.1 | EQ42: 81.5 | ER42: 87.9 | ES42: 59 | ET42: 22.1 | EU42: 25.1 | EV42: 40.3 | EW42: 25.5 | EX42: 16.2 | EY42: 67 | EZ42: 23.3 | FA42: 19.5 | FB42: 20.2 | FC42: 14.4 | FD42: 19.6 | FE42: 2.4 | FF42: 10 | FG42: 35.3 | FH42: 17.7 | FI42: 16.7 | FJ42: 89.2 | FK42: 10.6 | FL42: 11 | FM42: 78.8
A43: 1912 | B43: 99 | C43: 106.1 | D43: 89.7 | E43: 91.4 | F43: 95.1 | G43: 99.1 | H43: 98.3 | I43: 98.2 | J43: 96.1 | K43: 99.3 | L43: 87 | M43: 96.2 | N43: 95.9 | O43: 97 | P43: 100.4 | Q43: 84.4 | R43: 94.1 | S43: 89 | T43: 102.4 | U43: #N/A | V43: 97.6 | W43: 97.7 | X43: 102.6 | Y43: 105.3 | Z43: 97.7 | AA43: 99.5 | AB43: 149.4 | AC43: 71 | AD43: 130.7 | AE43: 98.1 | AF43: 97.2 | AG43: 128.3 | AH43: 87.3 | AI43: 112.9 | AJ43: 92.3 | AK43: 114.8 | AL43: 124.4 | AM43: 98.9 | AN43: 94.8 | AO43: 105.5 | AP43: 83.1 | AQ43: 95 | AR43: 124.8 | AS43: 93.7 | AT43: 84.3 | AU43: #N/A | AV43: 130.1 | AW43: 94.6 | AX43: 91.5 | AY43: 80.7 | AZ43: 103.7 | BA43: 99.7 | BB43: 91.1 | BC43: 98.7 | BD43: 112.8 | BE43: 87.5 | BF43: 101.4 | BG43: 134.8 | BH43: 105.4 | BI43: 90.7 | BJ43: 125.2 | BK43: 92.1 | BL43: 87.4 | BM43: 82.7 | BN43: 98.1 | BO43: 91.2 | BP43: 99.1 | BQ43: 97.4 | BR43: 97.4 | BS43: 96.8 | BT43: 95.9 | BU43: 95.5 | BV43: 100.8 | BW43: #N/A | BX43: 93.2 | BY43: 93.2 | BZ43: 92.5 | CA43: 102.5 | CB43: 96.8 | CC43: 99.2 | CD43: 99.5 | CE43: 98.9 | CF43: 92 | CG43: 110.9 | CH43: 110.6 | CI43: 98.3 | CJ43: 90.9 | CK43: 90 | CL43: 86.5 | CM43: 126.2 | CN43: 104.6 | CO43: 112.3 | CP43: 86.1 | CQ43: 111.8 | CR43: 101.2 | CS43: 160.9 | CT43: 92.2 | CU43: 88.6 | CV43: 78.3 | CW43: 93.9 | CX43: 104 | CY43: 97.9 | CZ43: 77.6 | DA43: #N/A | DB43: 83.5 | DC43: 103.7 | DD43: 97.3 | DE43: 93.6 | DF43: 103.5 | DG43: 72.2 | DH43: 85.5 | DI43: 88.1 | DJ43: 9.4 | DK43: 100.1 | DL43: 4.5 | DM43: 57.5 | DN43: 76.3 | DO43: 3.4 | DP43: 54.6 | DQ43: 50.7 | DR43: 46.9 | DS43: 43.8 | DT43: 623.1 | DU43: 48.5 | DV43: 82.9 | DW43: 11.5 | DX43: 56.2 | DY43: 6.8 | DZ43: 9.6 | EA43: 117.4 | EB43: 133.7 | EC43: 16.9 | ED43: 54.9 | EE43: 110.8 | EF43: 208.2 | EG43: 28.3 | EH43: 20.7 | EI43: 21.5 | EJ43: 24.5 | EK43: 17.9 | EL43: 130.5 | EM43: 16.9 | EN43: 14.2 | EO43: 119.6 | EP43: 33.1 | EQ43: 121.2 | ER43: 111.2 | ES43: 61.8 | ET43: 31.3 | EU43: 36.7 | EV43: 44.9 | EW43: 42.2 | EX43: 15.8 | EY43: 77.5 | EZ43: 22.5 | FA43: 23.4 | FB43: 22.1 | FC43: 14.9 | FD43: 20.1 | FE43: 6 | FF43: 10 | FG43: 35 | FH43: 16.8 | FI43: 25.3 | FJ43: 111.8 | FK43: 10.4 | FL43: 11.5 | FM43: 77.2
A44: 1913 | B44: 100 | C44: 100 | D44: 100 | E44: 100 | F44: 100 | G44: 100 | H44: 100 | I44: 100 | J44: 100 | K44: 100 | L44: 100 | M44: 100 | N44: 100 | O44: 100 | P44: 100 | Q44: 100 | R44: 100 | S44: 100 | T44: 100 | U44: 100 | V44: 100 | W44: 100 | X44: 100 | Y44: 100 | Z44: 100 | AA44: 100 | AB44: 100 | AC44: 100 | AD44: 100 | AE44: 100 | AF44: 100 | AG44: 100 | AH44: 100 | AI44: 100 | AJ44: 100 | AK44: 100 | AL44: 100 | AM44: 100 | AN44: 100 | AO44: 100 | AP44: 100 | AQ44: 100 | AR44: 100 | AS44: 100 | AT44: 100 | AU44: 100 | AV44: 100 | AW44: 100 | AX44: 100 | AY44: 100 | AZ44: 100 | BA44: 100 | BB44: 100 | BC44: 100 | BD44: 100 | BE44: 100 | BF44: 100 | BG44: 100 | BH44: 100 | BI44: 100 | BJ44: 100 | BK44: 100 | BL44: 100 | BM44: 100 | BN44: 100 | BO44: 100 | BP44: 100 | BQ44: 100 | BR44: 100 | BS44: 100 | BT44: 100 | BU44: 100 | BV44: 100 | BW44: 100 | BX44: 100 | BY44: 100 | BZ44: 100 | CA44: 100 | CB44: 100 | CC44: 100 | CD44: 100 | CE44: 100 | CF44: 100 | CG44: 100 | CH44: 100 | CI44: 100 | CJ44: 100 | CK44: 100 | CL44: 100 | CM44: 100 | CN44: 100 | CO44: 100 | CP44: 100 | CQ44: 100 | CR44: 100 | CS44: 100 | CT44: 100 | CU44: 100 | CV44: 100 | CW44: 100 | CX44: 100 | CY44: 100 | CZ44: 100 | DA44: 100 | DB44: 100 | DC44: 100 | DD44: 100 | DE44: 100 | DF44: 100 | DG44: 100 | DH44: 100 | DI44: 100 | DJ44: 6.3 | DK44: 133 | DL44: 3.9 | DM44: 64.1 | DN44: 82.5 | DO44: 2.6 | DP44: 64.5 | DQ44: 45.8 | DR44: 52.9 | DS44: 37.4 | DT44: 575.5 | DU44: 49.4 | DV44: 88.6 | DW44: 11.2 | DX44: 67.4 | DY44: 8.4 | DZ44: 18.2 | EA44: 134 | EB44: 159.4 | EC44: 9.5 | ED44: 44 | EE44: 119.1 | EF44: 217.6 | EG44: 33.3 | EH44: 20.9 | EI44: 21.2 | EJ44: 27.1 | EK44: 16.4 | EL44: 104.7 | EM44: 19.7 | EN44: 15.4 | EO44: 98.8 | EP44: 36.3 | EQ44: 105.9 | ER44: 84.9 | ES44: 59.8 | ET44: 41.6 | EU44: 39.7 | EV44: 46 | EW44: 28.8 | EX44: 17.3 | EY44: 89.8 | EZ44: 25.9 | FA44: 25.8 | FB44: 22.7 | FC44: 15.9 | FD44: 25.2 | FE44: 11.5 | FF44: 12.8 | FG44: 33.9 | FH44: 18.7 | FI44: 28.3 | FJ44: 107.9 | FK44: 14.6 | FL44: 12.9 | FM44: 85.4
A45: 1914 | B45: 112.4 | C45: 119.3 | D45: 94.7 | E45: 105 | F45: 97.4 | G45: 98.4 | H45: 107.5 | I45: 99.8 | J45: 105.8 | K45: 104.8 | L45: 81.5 | M45: 103.8 | N45: 94.1 | O45: 95 | P45: 98.6 | Q45: 87.8 | R45: 100.7 | S45: 91.2 | T45: 89.5 | U45: 80.8 | V45: 95.6 | W45: 92.1 | X45: 99 | Y45: 84.6 | Z45: 101.7 | AA45: 98.9 | AB45: 94.2 | AC45: 149.8 | AD45: 305.1 | AE45: 82.8 | AF45: 82 | AG45: 133.1 | AH45: 101.8 | AI45: 80.4 | AJ45: 78.4 | AK45: 112.9 | AL45: 73.3 | AM45: 87.6 | AN45: 68.3 | AO45: 104.7 | AP45: 81.7 | AQ45: 66.8 | AR45: 133.6 | AS45: 97.9 | AT45: 101.5 | AU45: 100.5 | AV45: 64.2 | AW45: 69.9 | AX45: 67.9 | AY45: 121.3 | AZ45: 106.8 | BA45: 98.5 | BB45: 94.3 | BC45: 101.2 | BD45: 84.4 | BE45: 85.3 | BF45: 99.8 | BG45: 115.2 | BH45: 98.3 | BI45: 102.4 | BJ45: 76 | BK45: 91.3 | BL45: 90.3 | BM45: 92.2 | BN45: 93.7 | BO45: 100.8 | BP45: 86.2 | BQ45: 109.1 | BR45: 87.6 | BS45: 98.8 | BT45: 105.5 | BU45: 101.3 | BV45: 98.9 | BW45: 91.9 | BX45: 78.1 | BY45: 86.9 | BZ45: 94.2 | CA45: 103.2 | CB45: 86.6 | CC45: 91.7 | CD45: 106.8 | CE45: 94.2 | CF45: 103.9 | CG45: 107 | CH45: 118.6 | CI45: 113.9 | CJ45: 103.3 | CK45: 113.3 | CL45: 97.4 | CM45: 103.6 | CN45: 115.7 | CO45: 101.4 | CP45: 95.3 | CQ45: 113.3 | CR45: 105.9 | CS45: 200.9 | CT45: 326.4 | CU45: 91.7 | CV45: 108.7 | CW45: 90.7 | CX45: 92 | CY45: 126.4 | CZ45: 114.5 | DA45: 98 | DB45: 33.9 | DC45: 56.8 | DD45: 98 | DE45: 80.2 | DF45: 77.1 | DG45: 78.3 | DH45: 86.9 | DI45: 91.6 | DJ45: 6.7 | DK45: 237.6 | DL45: 11.2 | DM45: 55.7 | DN45: 65.9 | DO45: 3.5 | DP45: 70.6 | DQ45: 36.7 | DR45: 43.9 | DS45: 44.2 | DT45: 343.9 | DU45: 44.9 | DV45: 57 | DW45: 11.2 | DX45: 54.3 | DY45: 5 | DZ45: 24.5 | EA45: 119.6 | EB45: 144.8 | EC45: 7.7 | ED45: 27 | EE45: 76.6 | EF45: 146.3 | EG45: 34.2 | EH45: 22.7 | EI45: 20.7 | EJ45: 26.5 | EK45: 17.8 | EL45: 104.8 | EM45: 19.1 | EN45: 15.9 | EO45: 129 | EP45: 34.8 | EQ45: 112.3 | ER45: 74.7 | ES45: 55.3 | ET45: 35.8 | EU45: 41.4 | EV45: 45.8 | EW45: 58.3 | EX45: 39.7 | EY45: 89.8 | EZ45: 24.7 | FA45: 23.1 | FB45: 22 | FC45: 20.4 | FD45: 28.5 | FE45: 10.4 | FF45: 3 | FG45: 16.8 | FH45: 17.3 | FI45: 23.4 | FJ45: 72 | FK45: 10.5 | FL45: 12 | FM45: 73.6
A46: 1915 | B46: 108.5 | C46: 144.1 | D46: 101.2 | E46: 100.9 | F46: 96.3 | G46: 92.4 | H46: 131.4 | I46: 107.8 | J46: 101.6 | K46: 118.3 | L46: 74.4 | M46: 107.8 | N46: 92.5 | O46: 94.6 | P46: 100.2 | Q46: 66.3 | R46: 96.9 | S46: 88.5 | T46: 115.6 | U46: 131.3 | V46: 98 | W46: 99.7 | X46: 97.9 | Y46: 77.7 | Z46: 163.8 | AA46: 161.7 | AB46: 125.6 | AC46: 216.8 | AD46: 1258.4 | AE46: 192.1 | AF46: 90.2 | AG46: 825.1 | AH46: 131.3 | AI46: 114.7 | AJ46: 97.5 | AK46: 177.5 | AL46: 97.3 | AM46: 167 | AN46: 48.8 | AO46: 133.4 | AP46: 90.7 | AQ46: 76.4 | AR46: 195.9 | AS46: 102.1 | AT46: 101.5 | AU46: 437.8 | AV46: 169.1 | AW46: 142.8 | AX46: 97.5 | AY46: 431.1 | AZ46: 213 | BA46: 539.5 | BB46: 89.8 | BC46: 108.9 | BD46: 75.4 | BE46: 107.5 | BF46: 97 | BG46: 166.3 | BH46: 89.2 | BI46: 99.9 | BJ46: 77.5 | BK46: 82.5 | BL46: 80.7 | BM46: 87.2 | BN46: 111.1 | BO46: 105 | BP46: 81.3 | BQ46: 92.2 | BR46: 92 | BS46: 95.4 | BT46: 103.5 | BU46: 101.7 | BV46: 96.2 | BW46: 88.8 | BX46: 105.6 | BY46: 121.3 | BZ46: 115.8 | CA46: 114.2 | CB46: 93.4 | CC46: 113.7 | CD46: 109.3 | CE46: 101.3 | CF46: 84.5 | CG46: 109.6 | CH46: 144.1 | CI46: 148 | CJ46: 85 | CK46: 110.3 | CL46: 64.9 | CM46: 120.4 | CN46: 175.6 | CO46: 77.4 | CP46: 88.4 | CQ46: 111.5 | CR46: 66 | CS46: 314.5 | CT46: 138.4 | CU46: 110.9 | CV46: 87.7 | CW46: 71.4 | CX46: 98.7 | CY46: 104.4 | CZ46: 105.2 | DA46: 102.8 | DB46: 59.3 | DC46: 47.1 | DD46: 47.3 | DE46: 108.4 | DF46: 79.2 | DG46: 48.1 | DH46: 62 | DI46: 80.1 | DJ46: 8.6 | DK46: 415.4 | DL46: 49.2 | DM46: 124.3 | DN46: 71.7 | DO46: 20.1 | DP46: 111.2 | DQ46: 56.6 | DR46: 52.5 | DS46: 78.4 | DT46: 417 | DU46: 88.9 | DV46: 40 | DW46: 14.2 | DX46: 61.2 | DY46: 4.3 | DZ46: 34.5 | EA46: 121 | EB46: 187.5 | EC46: 54.9 | ED46: 72.9 | EE46: 169.6 | EF46: 207.8 | EG46: 111.6 | EH46: 73 | EI46: 185 | EJ46: 20.5 | EK46: 19.6 | EL46: 113.8 | EM46: 31.3 | EN46: 12.7 | EO46: 181.4 | EP46: 21 | EQ46: 127.4 | ER46: 115.5 | ES46: 38.2 | ET46: 29.7 | EU46: 38.6 | EV46: 33.9 | EW46: 95 | EX46: 15.9 | EY46: 91.7 | EZ46: 20.9 | FA46: 17.6 | FB46: 23.2 | FC46: 16.9 | FD46: 25.5 | FE46: 10.5 | FF46: 7.1 | FG46: 19.4 | FH46: 10.2 | FI46: 35.1 | FJ46: 79.8 | FK46: 8 | FL46: 8.7 | FM46: 69.3
A47: 1916 | B47: 122.4 | C47: 153.2 | D47: 106 | E47: 112.5 | F47: 117.5 | G47: 101.9 | H47: 129.4 | I47: 129.4 | J47: 109.5 | K47: 147.8 | L47: 116.5 | M47: 133.4 | N47: 93.9 | O47: 124.9 | P47: 97.6 | Q47: 102.3 | R47: 104.6 | S47: 119.5 | T47: 174.3 | U47: 228.3 | V47: 152.3 | W47: 138.9 | X47: 110.4 | Y47: 72.5 | Z47: 239.6 | AA47: 199.2 | AB47: 122.3 | AC47: 179.4 | AD47: 931.4 | AE47: 210.5 | AF47: 80.4 | AG47: 1339.5 | AH47: 128.9 | AI47: 89.1 | AJ47: 108.4 | AK47: 176.8 | AL47: 81.3 | AM47: 180 | AN47: 49.8 | AO47: 205.1 | AP47: 103.8 | AQ47: 81.4 | AR47: 220.1 | AS47: 107.6 | AT47: 134.1 | AU47: 1171 | AV47: 340.5 | AW47: 224.9 | AX47: 139.7 | AY47: 499.7 | AZ47: 349 | BA47: 1615.6 | BB47: 99.7 | BC47: 108.6 | BD47: 82.9 | BE47: 110.7 | BF47: 99.2 | BG47: 201.7 | BH47: 102.6 | BI47: 116.8 | BJ47: 91.5 | BK47: 97.6 | BL47: 112.7 | BM47: 97.7 | BN47: 142.4 | BO47: 122.6 | BP47: 104.4 | BQ47: 139 | BR47: 109.8 | BS47: 105.3 | BT47: 107.7 | BU47: 143.6 | BV47: 103 | BW47: 93.8 | BX47: 82.7 | BY47: 97.3 | BZ47: 142.2 | CA47: 160.3 | CB47: 125.8 | CC47: 160.5 | CD47: 132.4 | CE47: 149.7 | CF47: 103.8 | CG47: 109.1 | CH47: 136.9 | CI47: 155.7 | CJ47: 79.8 | CK47: 118 | CL47: 72.1 | CM47: 139.5 | CN47: 211.9 | CO47: 76.9 | CP47: 83.5 | CQ47: 145 | CR47: 58.1 | CS47: 355.9 | CT47: 107.5 | CU47: 116 | CV47: 100.5 | CW47: 76 | CX47: 117.4 | CY47: 118 | CZ47: 117.6 | DA47: 126.8 | DB47: 113.9 | DC47: 118.8 | DD47: 34.6 | DE47: 162.3 | DF47: 100.4 | DG47: 69.9 | DH47: 44.6 | DI47: 78.2 | DJ47: 9.5 | DK47: 365.6 | DL47: 38.2 | DM47: 151.8 | DN47: 78 | DO47: 36.1 | DP47: 110.5 | DQ47: 52.8 | DR47: 62.8 | DS47: 97.7 | DT47: 545.2 | DU47: 118.6 | DV47: 41.5 | DW47: 29.5 | DX47: 68.3 | DY47: 7 | DZ47: 41.8 | EA47: 172.9 | EB47: 389.3 | EC47: 276.8 | ED47: 228 | EE47: 372.2 | EF47: 335.6 | EG47: 120.7 | EH47: 179.4 | EI47: 686.4 | EJ47: 28 | EK47: 19.4 | EL47: 118.8 | EM47: 33.9 | EN47: 12.2 | EO47: 235.3 | EP47: 26.9 | EQ47: 172.6 | ER47: 164.5 | ES47: 44.9 | ET47: 39.1 | EU47: 56.2 | EV47: 38.2 | EW47: 125.5 | EX47: 15.1 | EY47: 144.8 | EZ47: 28.6 | FA47: 20.6 | FB47: 28.7 | FC47: 27 | FD47: 30.5 | FE47: 13.7 | FF47: 12.4 | FG47: 39.2 | FH47: 9.3 | FI47: 80 | FJ47: 137.8 | FK47: 16.3 | FL47: 7.6 | FM47: 100
A48: 1917 | B48: 170.4 | C48: 237.6 | D48: 126 | E48: 162.4 | F48: 179.1 | G48: 143.5 | H48: 207.4 | I48: 169.5 | J48: 151.2 | K48: 210.7 | L48: 180.9 | M48: 176.9 | N48: 117.8 | O48: 169.4 | P48: 134.7 | Q48: 110.7 | R48: 150.1 | S48: 142.2 | T48: 192.1 | U48: 237.7 | V48: 257.4 | W48: 192.4 | X48: 129.5 | Y48: 74.7 | Z48: 252 | AA48: 208 | AB48: 90.4 | AC48: 140 | AD48: 1190.7 | AE48: 195.8 | AF48: 63.2 | AG48: 1775 | AH48: 142 | AI48: 42.9 | AJ48: 56.9 | AK48: 98.8 | AL48: 55.2 | AM48: 163.6 | AN48: 46.9 | AO48: 181.1 | AP48: 121.6 | AQ48: 82 | AR48: 232.5 | AS48: 107.1 | AT48: 168.5 | AU48: 677.8 | AV48: 374.1 | AW48: 188 | AX48: 152.3 | AY48: 483.6 | AZ48: 373 | BA48: 1416 | BB48: 105.4 | BC48: 121 | BD48: 77.6 | BE48: 84 | BF48: 109.9 | BG48: 220.5 | BH48: 124 | BI48: 168.8 | BJ48: 89.2 | BK48: 131.7 | BL48: 122.4 | BM48: 179.2 | BN48: 177.1 | BO48: 184.6 | BP48: 120.2 | BQ48: 157.3 | BR48: 117.6 | BS48: 123.4 | BT48: 127 | BU48: 234.7 | BV48: 145.3 | BW48: 83.7 | BX48: 97.2 | BY48: 109 | BZ48: 164.6 | CA48: 168.1 | CB48: 148.5 | CC48: 232.8 | CD48: 174.5 | CE48: 160 | CF48: 98.9 | CG48: 129.8 | CH48: 150.9 | CI48: 250.4 | CJ48: 82.5 | CK48: 106.8 | CL48: 74.3 | CM48: 117.3 | CN48: 316.2 | CO48: 54.1 | CP48: 105.5 | CQ48: 123.1 | CR48: 43.8 | CS48: 323 | CT48: 128.5 | CU48: 130.5 | CV48: 93.6 | CW48: 72.4 | CX48: 113.4 | CY48: 112.2 | CZ48: 130.1 | DA48: 199 | DB48: 115 | DC48: 70.9 | DD48: 30.7 | DE48: 158.7 | DF48: 114.6 | DG48: 44.9 | DH48: 34 | DI48: 82 | DJ48: 9.8 | DK48: 442.4 | DL48: 58 | DM48: 203.8 | DN48: 93.4 | DO48: 67.3 | DP48: 195.1 | DQ48: 33.3 | DR48: 45.6 | DS48: 77.8 | DT48: 575.3 | DU48: 143 | DV48: 49 | DW48: 35.3 | DX48: 110.4 | DY48: 7.7 | DZ48: 63.5 | EA48: 204 | EB48: 539.1 | EC48: 166.8 | ED48: 423.4 | EE48: 490.8 | EF48: 429.7 | EG48: 120.3 | EH48: 201.7 | EI48: 628.4 | EJ48: 28.2 | EK48: 25.8 | EL48: 122.6 | EM48: 41.4 | EN48: 14 | EO48: 232.7 | EP48: 33.5 | EQ48: 209.7 | ER48: 239.5 | ES48: 42.6 | ET48: 53.7 | EU48: 87.5 | EV48: 35.8 | EW48: 171.6 | EX48: 20.7 | EY48: 184.4 | EZ48: 28.5 | FA48: 23 | FB48: 32.7 | FC48: 42 | FD48: 47.6 | FE48: 19.2 | FF48: 14.7 | FG48: 26.2 | FH48: 9.6 | FI48: 82.1 | FJ48: 185.7 | FK48: 15.2 | FL48: 7.7 | FM48: 112.1
A49: 1918 | B49: 192.5 | C49: 254.2 | D49: 177.9 | E49: 210.5 | F49: 231.6 | G49: 155.9 | H49: 242.9 | I49: 229 | J49: 253.3 | K49: 216.1 | L49: 247.9 | M49: 273.2 | N49: 163.9 | O49: 180.9 | P49: 145.8 | Q49: 147.2 | R49: 214.4 | S49: 181.4 | T49: 163.6 | U49: 191.5 | V49: 270.5 | W49: 216.8 | X49: 158.8 | Y49: 81.4 | Z49: 266.5 | AA49: 224.7 | AB49: 88.3 | AC49: 140.3 | AD49: 2458 | AE49: 356.8 | AF49: 91.4 | AG49: 2331.8 | AH49: 203.9 | AI49: 25 | AJ49: 91.7 | AK49: 65.7 | AL49: 47.3 | AM49: 120.3 | AN49: 43.5 | AO49: 206.8 | AP49: 109.8 | AQ49: 97.1 | AR49: 228.2 | AS49: 111.2 | AT49: 96.4 | AU49: 160.5 | AV49: 352.1 | AW49: 117.1 | AX49: 125.6 | AY49: 356.7 | AZ49: 287.3 | BA49: 568.7 | BB49: 129.5 | BC49: 133.8 | BD49: 77 | BE49: 83.5 | BF49: 121.4 | BG49: 229.5 | BH49: 153.3 | BI49: 151.1 | BJ49: 70.1 | BK49: 194 | BL49: 204.5 | BM49: 220.3 | BN49: 262.1 | BO49: 238.9 | BP49: 161.7 | BQ49: 170.9 | BR49: 143.4 | BS49: 155 | BT49: 152.6 | BU49: 196.5 | BV49: 154 | BW49: 87.6 | BX49: 108.8 | BY49: 117.2 | BZ49: 199.5 | CA49: 184.2 | CB49: 157.5 | CC49: 275 | CD49: 194.5 | CE49: 187.8 | CF49: 80.5 | CG49: 134.6 | CH49: 123.4 | CI49: 231.1 | CJ49: 82.6 | CK49: 111.4 | CL49: 93.6 | CM49: 67.5 | CN49: 250.5 | CO49: 29.6 | CP49: 94.5 | CQ49: 123.5 | CR49: 26.8 | CS49: 366.2 | CT49: 96.6 | CU49: 117.7 | CV49: 58 | CW49: 62.6 | CX49: 110 | CY49: 100.5 | CZ49: 133 | DA49: 235.1 | DB49: 97.5 | DC49: 26 | DD49: 23.6 | DE49: 185.2 | DF49: 117.4 | DG49: 28.3 | DH49: 34.6 | DI49: 84.5 | DJ49: 10.8 | DK49: 474.3 | DL49: 169 | DM49: 481.4 | DN49: 174.7 | DO49: 96.1 | DP49: 328.1 | DQ49: 26.2 | DR49: 122.9 | DS49: 53 | DT49: 674.1 | DU49: 162.4 | DV49: 63.2 | DW49: 43.1 | DX49: 107.9 | DY49: 12.1 | DZ49: 88.9 | EA49: 270.2 | EB49: 262.7 | EC49: 41.1 | ED49: 418.6 | EE49: 302.5 | EF49: 434.1 | EG49: 96.7 | EH49: 164.3 | EI49: 272.6 | EJ49: 28.2 | EK49: 29.5 | EL49: 99.4 | EM49: 38 | EN49: 15.4 | EO49: 252.7 | EP49: 52.1 | EQ49: 108 | ER49: 149.2 | ES49: 34.3 | ET49: 80.3 | EU49: 107.9 | EV49: 32.4 | EW49: 251.8 | EX49: 20.9 | EY49: 180.5 | EZ49: 21.5 | FA49: 25 | FB49: 38.2 | FC49: 31.5 | FD49: 51.6 | FE49: 23.7 | FF49: 13.9 | FG49: 10.3 | FH49: 8.9 | FI49: 104.9 | FJ49: 201.6 | FK49: 11.3 | FL49: 8.7 | FM49: 135.5
A50: 1919 | B50: 224 | C50: 256.5 | D50: 197.7 | E50: 237.2 | F50: 273.3 | G50: 175.4 | H50: 241.7 | I50: 264.1 | J50: 282.6 | K50: 260.7 | L50: 263 | M50: 306.4 | N50: 195.3 | O50: 196.8 | P50: 175 | Q50: 147.5 | R50: 213.1 | S50: 188.6 | T50: 138.5 | U50: 152.7 | V50: 226.7 | W50: 212.4 | X50: 170 | Y50: 96.9 | Z50: 223 | AA50: 186.1 | AB50: 200.6 | AC50: 157.7 | AD50: 912.2 | AE50: 393.5 | AF50: 135.7 | AG50: 3124.3 | AH50: 248.5 | AI50: 64.2 | AJ50: 173.8 | AK50: 220.3 | AL50: 75.1 | AM50: 162.3 | AN50: 56.4 | AO50: 308.2 | AP50: 102 | AQ50: 118.9 | AR50: 143.7 | AS50: 121.4 | AT50: 68.7 | AU50: 181.9 | AV50: 237.4 | AW50: 133.5 | AX50: 167.3 | AY50: 470 | AZ50: 293 | BA50: 211.1 | BB50: 169.2 | BC50: 149.6 | BD50: 159.6 | BE50: 117.3 | BF50: 123.4 | BG50: 275.1 | BH50: 177.6 | BI50: 204.7 | BJ50: 63.1 | BK50: 214.5 | BL50: 165.2 | BM50: 171.9 | BN50: 295.2 | BO50: 219.1 | BP50: 216 | BQ50: 229 | BR50: 178.9 | BS50: 162 | BT50: 175.2 | BU50: 208.4 | BV50: 182.3 | BW50: 77.7 | BX50: 164.7 | BY50: 188.8 | BZ50: 218.7 | CA50: 164.4 | CB50: 138.6 | CC50: 204.1 | CD50: 188 | CE50: 163.6 | CF50: 106.5 | CG50: 82.1 | CH50: 156.4 | CI50: 251.3 | CJ50: 83.9 | CK50: 146.5 | CL50: 116.5 | CM50: 141.4 | CN50: 413.9 | CO50: 35.4 | CP50: 95.8 | CQ50: 107.7 | CR50: 24.2 | CS50: 343.8 | CT50: 46.7 | CU50: 160.4 | CV50: 98.4 | CW50: 65.7 | CX50: 108.4 | CY50: 111.5 | CZ50: 130.1 | DA50: 332.3 | DB50: 106 | DC50: 128.5 | DD50: 25.9 | DE50: 141.5 | DF50: 87 | DG50: 49 | DH50: 33.7 | DI50: 55.7 | DJ50: 28.5 | DK50: 537.9 | DL50: 69.7 | DM50: 598.2 | DN50: 305.9 | DO50: 144.9 | DP50: 398 | DQ50: 77.7 | DR50: 260 | DS50: 214.5 | DT50: 1137.4 | DU50: 245.7 | DV50: 97.5 | DW50: 69.9 | DX50: 120.4 | DY50: 14.8 | DZ50: 55.6 | EA50: 306.7 | EB50: 158.4 | EC50: 37.1 | ED50: 236.6 | EE50: 337.8 | EF50: 618.8 | EG50: 151.7 | EH50: 140.2 | EI50: 83.8 | EJ50: 48.8 | EK50: 20.1 | EL50: 261.3 | EM50: 58 | EN50: 15.9 | EO50: 398.4 | EP50: 75.1 | EQ50: 306.5 | ER50: 221.6 | ES50: 45.4 | ET50: 65.8 | EU50: 73.4 | EV50: 33 | EW50: 216.8 | EX50: 13.5 | EY50: 329.8 | EZ50: 45.6 | FA50: 27.4 | FB50: 43.2 | FC50: 37 | FD50: 59.7 | FE50: 29.7 | FF50: 22.9 | FG50: 82.3 | FH50: 10.8 | FI50: 71.6 | FJ50: 131.5 | FK50: 14.6 | FL50: 8.2 | FM50: 77.8
A51: 1920 | B51: 214.6 | C51: 287.2 | D51: 146.4 | E51: 193.3 | F51: 209 | G51: 190.5 | H51: 248.5 | I51: 243.4 | J51: 437 | K51: 287.8 | L51: 278.4 | M51: 390 | N51: 259.2 | O51: 284.9 | P51: 301.4 | Q51: 201.9 | R51: 240.6 | S51: 224.3 | T51: 129 | U51: 154.2 | V51: 233 | W51: 226.2 | X51: 177.5 | Y51: 109.2 | Z51: 247.8 | AA51: 218.4 | AB51: 203.4 | AC51: 205.7 | AD51: 477.4 | AE51: 191.4 | AF51: 103 | AG51: 1602.5 | AH51: 182.4 | AI51: 47.7 | AJ51: 106.1 | AK51: 101 | AL51: 70.9 | AM51: 191.5 | AN51: 59.2 | AO51: 200.6 | AP51: 172.2 | AQ51: 169.9 | AR51: 200.2 | AS51: 158.6 | AT51: 75.8 | AU51: 213.1 | AV51: 752.3 | AW51: 143.6 | AX51: 180.3 | AY51: 820.4 | AZ51: 347.2 | BA51: 261.3 | BB51: 171.3 | BC51: 153.4 | BD51: 158.5 | BE51: 125.1 | BF51: 140.8 | BG51: 616 | BH51: 189.1 | BI51: 240.5 | BJ51: 67.2 | BK51: 226.1 | BL51: 173.8 | BM51: 151.4 | BN51: 348.3 | BO51: 210 | BP51: 222.3 | BQ51: 295.4 | BR51: 196.2 | BS51: 215.5 | BT51: 224.1 | BU51: 324.1 | BV51: 243.2 | BW51: 81.5 | BX51: 205 | BY51: 231 | BZ51: 258.1 | CA51: 159.3 | CB51: 131.3 | CC51: 232.4 | CD51: 201 | CE51: 173 | CF51: 120.5 | CG51: 96.9 | CH51: 152.2 | CI51: 220.6 | CJ51: 88.1 | CK51: 167.9 | CL51: 118.8 | CM51: 95.8 | CN51: 436.1 | CO51: 82.3 | CP51: 123.7 | CQ51: 117.7 | CR51: 47 | CS51: 210.1 | CT51: 149.7 | CU51: 107.5 | CV51: 121.2 | CW51: 93.2 | CX51: 133.8 | CY51: 173.1 | CZ51: 145.9 | DA51: 649.4 | DB51: 58.6 | DC51: 76.7 | DD51: 46.2 | DE51: 165.8 | DF51: 125.9 | DG51: 67.2 | DH51: 73.3 | DI51: 111.7 | DJ51: 27.7 | DK51: 785.7 | DL51: 27 | DM51: 237.1 | DN51: 177.5 | DO51: 80.7 | DP51: 300.2 | DQ51: 53.2 | DR51: 245.5 | DS51: 108.6 | DT51: 1136.4 | DU51: 369 | DV51: 136.1 | DW51: 65.8 | DX51: 349.8 | DY51: 29 | DZ51: 87.5 | EA51: 476.4 | EB51: 162.9 | EC51: 43.9 | ED51: 258.5 | EE51: 386.9 | EF51: 696.4 | EG51: 298.2 | EH51: 184.6 | EI51: 121.7 | EJ51: 55.9 | EK51: 24.4 | EL51: 252.5 | EM51: 54.3 | EN51: 19.1 | EO51: 1022.2 | EP51: 81.6 | EQ51: 243.9 | ER51: 248.9 | ES51: 111.2 | ET51: 89.4 | EU51: 70.7 | EV51: 75.6 | EW51: 127 | EX51: 44.7 | EY51: 285.2 | EZ51: 61.6 | FA51: 51.8 | FB51: 68.1 | FC51: 89.4 | FD51: 89.4 | FE51: 61 | FF51: 15.8 | FG51: 60.1 | FH51: 22.6 | FI51: 81.2 | FJ51: 180.3 | FK51: 22.8 | FL51: 19 | FM51: 165.1
A52: 1921 | B52: 133.1 | C52: 158.1 | D52: 117.9 | E52: 135.4 | F52: 114.7 | G52: 163.4 | H52: 144.7 | I52: 145.5 | J52: 331.5 | K52: 146.3 | L52: 124.6 | M52: 202 | N52: 167.3 | O52: 233.8 | P52: 225.9 | Q52: 124.8 | R52: 180.5 | S52: 191.7 | T52: 88.6 | U52: 106.7 | V52: 198.6 | W52: 204.4 | X52: 163.5 | Y52: 98.6 | Z52: 192.5 | AA52: 167.7 | AB52: 312.5 | AC52: 282 | AD52: 124.2 | AE52: 160.2 | AF52: 144.6 | AG52: 1014.2 | AH52: 172.6 | AI52: 73.6 | AJ52: 116.9 | AK52: 58.1 | AL52: 74.5 | AM52: 107.8 | AN52: 42.6 | AO52: 107.8 | AP52: 110.5 | AQ52: 191.6 | AR52: 174.2 | AS52: 126.2 | AT52: 64.8 | AU52: 155.3 | AV52: 102.1 | AW52: 93.2 | AX52: 130.7 | AY52: 249.6 | AZ52: 137.3 | BA52: 111.8 | BB52: 126.8 | BC52: 109.2 | BD52: 86.7 | BE52: 60 | BF52: 126.3 | BG52: 193.5 | BH52: 182.4 | BI52: 94.2 | BJ52: 27.9 | BK52: 155.5 | BL52: 96.9 | BM52: 94.6 | BN52: 237.8 | BO52: 81.7 | BP52: 169.3 | BQ52: 178 | BR52: 113.9 | BS52: 174 | BT52: 182.6 | BU52: 188.3 | BV52: 253.3 | BW52: 82.3 | BX52: 147.4 | BY52: 159.3 | BZ52: 238.6 | CA52: 102.9 | CB52: 80.5 | CC52: 166.2 | CD52: 184.4 | CE52: 143.4 | CF52: 108.9 | CG52: 79.5 | CH52: 157.3 | CI52: 195.7 | CJ52: 99.7 | CK52: 124.1 | CL52: 81.8 | CM52: 67.7 | CN52: 319.4 | CO52: 76.8 | CP52: 102.8 | CQ52: 74.1 | CR52: 36.5 | CS52: 257.4 | CT52: 136.2 | CU52: 162.2 | CV52: 142.8 | CW52: 67.1 | CX52: 83 | CY52: 131.3 | CZ52: 150.5 | DA52: 776.8 | DB52: 17.7 | DC52: 64.2 | DD52: 55 | DE52: 100.7 | DF52: 80.9 | DG52: 18.7 | DH52: 56.3 | DI52: 55.9 | DJ52: 26.4 | DK52: 592.9 | DL52: 5.7 | DM52: 139.1 | DN52: 136.8 | DO52: 43.8 | DP52: 165.5 | DQ52: 49.1 | DR52: 205.1 | DS52: 31.7 | DT52: 534.2 | DU52: 107.6 | DV52: 63.1 | DW52: 29 | DX52: 168.2 | DY52: 20.2 | DZ52: 57.1 | EA52: 323.9 | EB52: 95.6 | EC52: 22.2 | ED52: 89.2 | EE52: 227 | EF52: 465.2 | EG52: 81.9 | EH52: 56.7 | EI52: 40 | EJ52: 37.4 | EK52: 14.2 | EL52: 142.8 | EM52: 23.1 | EN52: 19.4 | EO52: 237.4 | EP52: 54.2 | EQ52: 67.6 | ER52: 75.7 | ES52: 71.4 | ET52: 41.4 | EU52: 27.8 | EV52: 40 | EW52: 60.5 | EX52: 30.9 | EY52: 259.2 | EZ52: 42.1 | FA52: 30.1 | FB52: 34.4 | FC52: 39.4 | FD52: 96 | FE52: 73.7 | FF52: 3.4 | FG52: 34.7 | FH52: 24.9 | FI52: 31.9 | FJ52: 71 | FK52: 4.5 | FL52: 13.4 | FM52: 68.5
A53: 1922 | B53: 121.1 | C53: 126 | D53: 109.2 | E53: 128.1 | F53: 105.8 | G53: 135.5 | H53: 121.8 | I53: 152.6 | J53: 282.7 | K53: 128.3 | L53: 166.3 | M53: 207.9 | N53: 153.6 | O53: 171.1 | P53: 224.8 | Q53: 117 | R53: 122.2 | S53: 153.6 | T53: 89.9 | U53: 101.5 | V53: 141.2 | W53: 151.1 | X53: 144 | Y53: 78.4 | Z53: 170.5 | AA53: 147.1 | AB53: 237.8 | AC53: 236.6 | AD53: 86 | AE53: 155.1 | AF53: 127 | AG53: 695.1 | AH53: 148 | AI53: 39.1 | AJ53: 97.9 | AK53: 94.7 | AL53: 70.4 | AM53: 122 | AN53: 55 | AO53: 122.4 | AP53: 60.2 | AQ53: 185.6 | AR53: 159.2 | AS53: 141.8 | AT53: 77 | AU53: 112.7 | AV53: 90.9 | AW53: 71.5 | AX53: 87.2 | AY53: 375.6 | AZ53: 150.1 | BA53: 136.9 | BB53: 120.5 | BC53: 142 | BD53: 105.1 | BE53: 73.5 | BF53: 123 | BG53: 127.3 | BH53: 155.5 | BI53: 101.7 | BJ53: 23.7 | BK53: 157.5 | BL53: 105.1 | BM53: 79.2 | BN53: 209.2 | BO53: 109.3 | BP53: 157.4 | BQ53: 224.8 | BR53: 131.3 | BS53: 134.9 | BT53: 154 | BU53: 155.1 | BV53: 179.9 | BW53: 85.8 | BX53: 136.1 | BY53: 147.2 | BZ53: 193.8 | CA53: 98.1 | CB53: 79.9 | CC53: 128.5 | CD53: 133.8 | CE53: 128.7 | CF53: 124 | CG53: 102.3 | CH53: 146.2 | CI53: 221.4 | CJ53: 101.1 | CK53: 201.9 | CL53: 116.9 | CM53: 99.4 | CN53: 514.7 | CO53: 83.2 | CP53: 112.7 | CQ53: 86.6 | CR53: 60.7 | CS53: 275.2 | CT53: 182.7 | CU53: 181.3 | CV53: 103.7 | CW53: 90.7 | CX53: 152.7 | CY53: 256 | CZ53: 205.6 | DA53: 837.2 | DB53: 57.6 | DC53: 115.3 | DD53: 78.1 | DE53: 116.9 | DF53: 148.6 | DG53: 113.2 | DH53: 97 | DI53: 79.2 | DJ53: 18.3 | DK53: 396.4 | DL53: 3.6 | DM53: 127.3 | DN53: 110.8 | DO53: 24.9 | DP53: 119.5 | DQ53: 27.3 | DR53: 146.5 | DS53: 45.4 | DT53: 673.2 | DU53: 125.4 | DV53: 74.9 | DW53: 24.1 | DX53: 91.7 | DY53: 18.3 | DZ53: 35.4 | EA53: 291.8 | EB53: 115.4 | EC53: 15.3 | ED53: 56.4 | EE53: 128.6 | EF53: 273.2 | EG53: 98.1 | EH53: 54.9 | EI53: 43 | EJ53: 40.4 | EK53: 23.8 | EL53: 160.9 | EM53: 32 | EN53: 19.1 | EO53: 254 | EP53: 66 | EQ53: 107 | ER53: 103.7 | ES53: 78.4 | ET53: 49.3 | EU53: 27.2 | EV53: 58.7 | EW53: 86.5 | EX53: 38.5 | EY53: 365.9 | EZ53: 35.3 | FA53: 31.5 | FB53: 53.4 | FC53: 63.3 | FD53: 93.2 | FE53: 82.7 | FF53: 40.3 | FG53: 57.6 | FH53: 28.7 | FI53: 35.3 | FJ53: 129.4 | FK53: 21.2 | FL53: 16.8 | FM53: 87.1
A54: 1923 | B54: 126 | C54: 129.2 | D54: 118.6 | E54: 108.3 | F54: 112.6 | G54: 156 | H54: 117.7 | I54: 156.4 | J54: 267.8 | K54: 131.1 | L54: 229.2 | M54: 235.2 | N54: 183.1 | O54: 203.6 | P54: 212.8 | Q54: 94.2 | R54: 102.9 | S54: 131.3 | T54: 100.8 | U54: 115.2 | V54: 175.8 | W54: 175.7 | X54: 146.8 | Y54: 73.3 | Z54: 171.5 | AA54: 143.7 | AB54: 151.8 | AC54: 112.1 | AD54: 71.7 | AE54: 202.1 | AF54: 159.4 | AG54: 661.5 | AH54: 152.2 | AI54: 35.1 | AJ54: 108.2 | AK54: 87.3 | AL54: 61.2 | AM54: 105.4 | AN54: 70.9 | AO54: 109.5 | AP54: 107.4 | AQ54: 290.4 | AR54: 252.2 | AS54: 168.4 | AT54: 86.4 | AU54: 128.9 | AV54: 89.9 | AW54: 76.5 | AX54: 101.3 | AY54: 681.7 | AZ54: 180.3 | BA54: 156 | BB54: 100.2 | BC54: 166.5 | BD54: 109.9 | BE54: 64.6 | BF54: 132.5 | BG54: 242.1 | BH54: 171 | BI54: 114.9 | BJ54: 41.9 | BK54: 137.8 | BL54: 124.4 | BM54: 87.6 | BN54: 182.8 | BO54: 145.3 | BP54: 157.9 | BQ54: 246.9 | BR54: 122.6 | BS54: 138.8 | BT54: 164.2 | BU54: 169.6 | BV54: 192.1 | BW54: 101.9 | BX54: 87.2 | BY54: 148.9 | BZ54: 202.1 | CA54: 133.9 | CB54: 96.6 | CC54: 141.4 | CD54: 131.2 | CE54: 133 | CF54: 142.4 | CG54: 108.7 | CH54: 165.4 | CI54: 265.9 | CJ54: 96.8 | CK54: 160.8 | CL54: 92 | CM54: 97.8 | CN54: 529.7 | CO54: 106.5 | CP54: 129.5 | CQ54: 106.6 | CR54: 78.6 | CS54: 310.2 | CT54: 222.1 | CU54: 177 | CV54: 126 | CW54: 112.4 | CX54: 189.4 | CY54: 275.3 | CZ54: 258.4 | DA54: 538.9 | DB54: 84.2 | DC54: 134.8 | DD54: 119.6 | DE54: 113.6 | DF54: 163.4 | DG54: 127.2 | DH54: 86.4 | DI54: 98 | DJ54: 12.1 | DK54: 192.6 | DL54: 3.3 | DM54: 140.3 | DN54: 148.1 | DO54: 27.3 | DP54: 118.7 | DQ54: 25.1 | DR54: 153.4 | DS54: 42.7 | DT54: 807.1 | DU54: 122.5 | DV54: 115.2 | DW54: 25.7 | DX54: 154.1 | DY54: 23.1 | DZ54: 47.1 | EA54: 296.2 | EB54: 145.1 | EC54: 19.8 | ED54: 69.5 | EE54: 160.1 | EF54: 323.6 | EG54: 166.3 | EH54: 66.4 | EI54: 47.8 | EJ54: 38.6 | EK54: 29.7 | EL54: 190.2 | EM54: 33.8 | EN54: 19.7 | EO54: 384.8 | EP54: 57.2 | EQ54: 118.9 | ER54: 188.5 | ES54: 87.8 | ET54: 67 | EU54: 37 | EV54: 66.3 | EW54: 129.7 | EX54: 47 | EY54: 392.3 | EZ54: 40 | FA54: 40.2 | FB54: 70.7 | FC54: 74.4 | FD54: 125 | FE54: 63.3 | FF54: 9.6 | FG54: 68.1 | FH54: 45.9 | FI54: 46.8 | FJ54: 172.2 | FK54: 26.2 | FL54: 14.7 | FM54: 111.3

Sheet IntData
A1: Direction | B1: Export | C1: Export | D1: Export | E1: Export | F1: Export | G1: Export | H1: Export | I1: Export | J1: Export | K1: Export | L1: Export | M1: Export | N1: Export | O1: Export | P1: Export | Q1: Export | R1: Export | S1: Export | T1: Export | U1: Export | V1: Export | W1: Export | X1: Import | Y1: Import | Z1: Import | AA1: Import | AB1: Import | AC1: Import | AD1: Import | AE1: Import | AF1: Import | AG1: Import | AH1: Import | AI1: Import | AJ1: Import | AK1: Import | AL1: Import | AM1: Import | AN1: Import | AO1: Import | AP1: Import | AQ1: Import | AR1: Import | AS1: Import | AT1: Import | AU1: Import | AV1: Import | AW1: Import | AX1: Import | AY1: Import | AZ1: Import | BA1: Import | BB1: Import | BC1: Import | BD1: Import | BE1: Import | BF1: Import | BG1: Import
A2: Data Type | B2: $mn | C2: $mn | D2: $mn | E2: $mn | F2: $mn | G2: $mn | H2: $mn | I2: $mn | J2: $mn | K2: $mn | L2: $mn | M2: $mn | N2: $mn | O2: $mn | P2: $mn | Q2: $mn | R2: $mn | S2: $mn | T2: $mn | U2: $mn | V2: $mn | W2: $mn | X2: $mn | Y2: $mn | Z2: $mn | AA2: $mn | AB2: $mn | AC2: $mn | AD2: $mn | AE2: $mn | AF2: $mn | AG2: $mn | AH2: $mn | AI2: $mn | AJ2: $mn | AK2: $mn | AL2: $mn | AM2: $mn | AN2: $mn | AO2: $mn | AP2: $mn | AQ2: $mn | AR2: $mn | AS2: $mn | AT2: $mn | AU2: $mn | AV2: $mn | AW2: $mn | AX2: $mn | AY2: $mn | AZ2: $mn | BA2: $mn | BB2: $mn | BC2: $mn | BD2: $mn | BE2: $mn | BF2: $mn | BG2: $mn
A3: Good Name | B3: =IF(B$1="Export",INDEX(CodesIndex!$F$3:$F$200,MATCH(B$4,CodesIndex!$E$3:$E$200,0)),IF(B1="Import",INDEX(CodesIndex!$H$3:$H$200,MATCH(B$4,CodesIndex!$G$3:$G$200,0)),NA())) -> All agricultural, excluding tobacco | C3: =IF(C$1="Export",INDEX(CodesIndex!$F$3:$F$200,MATCH(C$4,CodesIndex!$E$3:$E$200,0)),IF(C1="Import",INDEX(CodesIndex!$H$3:$H$200,MATCH(C$4,CodesIndex!$G$3:$G$200,0)),NA())) -> Meats | D3: =IF(D$1="Export",INDEX(CodesIndex!$F$3:$F$200,MATCH(D$4,CodesIndex!$E$3:$E$200,0)),IF(D1="Import",INDEX(CodesIndex!$H$3:$H$200,MATCH(D$4,CodesIndex!$G$3:$G$200,0)),NA())) -> Animal, agricultural | E3: =IF(E$1="Export",INDEX(CodesIndex!$F$3:$F$200,MATCH(E$4,CodesIndex!$E$3:$E$200,0)),IF(E1="Import",INDEX(CodesIndex!$H$3:$H$200,MATCH(E$4,CodesIndex!$G$3:$G$200,0)),NA())) -> Animal, all | F3: =IF(F$1="Export",INDEX(CodesIndex!$F$3:$F$200,MATCH(F$4,CodesIndex!$E$3:$E$200,0)),IF(F1="Import",INDEX(CodesIndex!$H$3:$H$200,MATCH(F$4,CodesIndex!$G$3:$G$200,0)),NA())) -> All agricultural | G3: =IF(G$1="Export",INDEX(CodesIndex!$F$3:$F$200,MATCH(G$4,CodesIndex!$E$3:$E$200,0)),IF(G1="Import",INDEX(CodesIndex!$H$3:$H$200,MATCH(G$4,CodesIndex!$G$3:$G$200,0)),NA())) -> Hides, leather, and products, crude, semimanufactured and manufactured | H3: =IF(H$1="Export",INDEX(CodesIndex!$F$3:$F$200,MATCH(H$4,CodesIndex!$E$3:$E$200,0)),IF(H1="Import",INDEX(CodesIndex!$H$3:$H$200,MATCH(H$4,CodesIndex!$G$3:$G$200,0)),NA())) -> Cotton textiles, crude, semimanufactured and manufactured | I3: =IF(I$1="Export",INDEX(CodesIndex!$F$3:$F$200,MATCH(I$4,CodesIndex!$E$3:$E$200,0)),IF(I1="Import",INDEX(CodesIndex!$H$3:$H$200,MATCH(I$4,CodesIndex!$G$3:$G$200,0)),NA())) -> Manufactured textiles | ... BG3: =IF(BG$1="Export",INDEX(CodesIndex!$F$3:$F$200,MATCH(BG$4,CodesIndex!$E$3:$E$200,0)),IF(BG1="Import",INDEX(CodesIndex!$H$3:$H$200,MATCH(BG$4,CodesIndex!$G$3:$G$200,0)),NA())) -> Manufactured products
A4: Good # | B4: 104 | C4: 106 | D4: 107 | E4: 108 | F4: 113 | G4: 114 | H4: 120 | I4: 121 | J4: 122 | K4: 125 | L4: 128 | M4: 133 | N4: 136 | O4: 139 | P4: 140 | Q4: 141 | R4: 142 | S4: 143 | T4: 144 | U4: 145 | V4: 146 | W4: 147 | X4: 102 | Y4: 103 | Z4: 104 | AA4: 106 | AB4: 108 | AC4: 109 | AD4: 110 | AE4: 111 | AF4: 113 | AG4: 114 | AH4: 115 | AI4: 118 | AJ4: 120 | AK4: 121 | AL4: 122 | AM4: 124 | AN4: 125 | AO4: 126 | AP4: 127 | AQ4: 128 | AR4: 130 | AS4: 131 | AT4: 132 | AU4: 133 | AV4: 134 | AW4: 137 | AX4: 139 | AY4: 140 | AZ4: 142 | BA4: 144 | BB4: 145 | BC4: 146 | BD4: 147 | BE4: 148 | BF4: 149 | BG4: 150
A10: 1879 | B10: 230 | C10: 71 | D10: 114 | E10: 118 | F10: 168 | G10: 8 | H10: 197 | I10: 13 | J10: 15 | K10: 216 | L10: 21 | M10: 218 | N10: 246 | O10: 37 | P10: 39 | Q10: 4 | R10: #N/A | S10: 16 | T10: 5 | U10: 7 | V10: 17 | W10: 62 | X10: 19 | Y10: 79 | Z10: 98 | AA10: 102 | AB10: 4 | AC10: 3 | AD10: 77 | AE10: 79 | AF10: 78 | AG10: 30 | AH10: 20 | AI10: 15 | AJ10: 8 | AK10: 42 | AL10: 23 | AM10: 55 | AN10: 31 | AO10: 97 | AP10: 128 | AQ10: 35 | AR10: 70 | AS10: 68 | AT10: 71 | AU10: 12 | AV10: #N/A | AW10: 83 | AX10: 106 | AY10: 27 | AZ10: 98 | BA10: #N/A | BB10: #N/A | BC10: 31 | BD10: 9 | BE10: 2 | BF10: 62 | BG10: 25
A11: 1880 | B11: 258 | C11: 86 | D11: 147 | E11: 151 | F11: 204 | G11: 9 | H11: 251 | I11: 14 | J11: 17 | K11: 271 | L11: 25 | M11: 272 | N11: 303 | O11: 35 | P11: 37 | Q11: 2 | R11: #N/A | S11: 18 | T11: 6 | U11: 6 | V11: 19 | W11: 61 | X11: 21 | Y11: 79 | Z11: 99 | AA11: 104 | AB11: 5 | AC11: 4 | AD11: 103 | AE11: 105 | AF11: 104 | AG11: 43 | AH11: 31 | AI11: 17 | AJ11: 10 | AK11: 58 | AL11: 33 | AM11: 73 | AN11: 44 | AO11: 131 | AP11: 175 | AQ11: 48 | AR11: 97 | AS11: 94 | AT11: 99 | AU11: 20 | AV11: #N/A | AW11: 118 | AX11: 142 | AY11: 40 | AZ11: 139 | BA11: #N/A | BB11: #N/A | BC11: 67 | BD11: 25 | BE11: 2 | BF11: 108 | BG11: 48
A12: 1881 | B12: 200 | C12: 82 | D12: 139 | E12: 144 | F12: 193 | G12: 9 | H12: 236 | I12: 16 | J12: 21 | K12: 253 | L12: 28 | M12: 253 | N12: 288 | O12: 49 | P12: 52 | Q12: 3 | R12: #N/A | S12: 22 | T12: 7 | U12: 7 | V12: 23 | W12: 79 | X12: 28 | Y12: 76 | Z12: 105 | AA12: 111 | AB12: 5 | AC12: 4 | AD12: 105 | AE12: 107 | AF12: 106 | AG12: 42 | AH12: 30 | AI12: 17 | AJ12: 12 | AK12: 54 | AL12: 22 | AM12: 66 | AN12: 34 | AO12: 120 | AP12: 154 | AQ12: 46 | AR12: 85 | AS12: 82 | AT12: 87 | AU12: 19 | AV12: #N/A | AW12: 104 | AX12: 132 | AY12: 40 | AZ12: 127 | BA12: #N/A | BB12: #N/A | BC12: 46 | BD12: 26 | BE12: 3 | BF12: 87 | BG12: 48
A13: 1882 | B13: 147 | C13: 59 | D13: 103 | E13: 109 | F13: 163 | G13: 10 | H13: 238 | I13: 16 | J13: 27 | K13: 260 | L13: 34 | M13: 261 | N13: 301 | O13: 45 | P13: 49 | Q13: 2 | R13: #N/A | S13: 27 | T13: 9 | U13: 8 | V13: 28 | W13: 82 | X13: 39 | Y13: 67 | Z13: 105 | AA13: 115 | AB13: 7 | AC13: 5 | AD13: 124 | AE13: 126 | AF13: 126 | AG13: 40 | AH13: 27 | AI13: 25 | AJ13: 13 | AK13: 62 | AL13: 27 | AM13: 85 | AN13: 41 | AO13: 146 | AP13: 188 | AQ13: 52 | AR13: 98 | AS13: 95 | AT13: 101 | AU13: 23 | AV13: #N/A | AW13: 119 | AX13: 161 | AY13: 45 | AZ13: 146 | BA13: #N/A | BB13: #N/A | BC13: 57 | BD13: 24 | BE13: 7 | BF13: 103 | BG13: 50
A14: 1883 | B14: 142 | C14: 71 | D14: 120 | E14: 125 | F14: 190 | G14: 10 | H14: 237 | I14: 15 | J14: 25 | K14: 259 | L14: 33 | M14: 260 | N14: 298 | O14: 49 | P14: 54 | Q14: 4 | R14: #N/A | S14: 29 | T14: 13 | U14: 9 | V14: 30 | W14: 87 | X14: 29 | Y14: 62 | Z14: 91 | AA14: 101 | AB14: 6 | AC14: 5 | AD14: 117 | AE14: 119 | AF14: 118 | AG14: 35 | AH14: 23 | AI14: 21 | AJ14: 13 | AK14: 59 | AL14: 27 | AM14: 79 | AN14: 40 | AO14: 138 | AP14: 179 | AQ14: 44 | AR14: 93 | AS14: 86 | AT14: 95 | AU14: 20 | AV14: #N/A | AW14: 111 | AX14: 150 | AY14: 41 | AZ14: 136 | BA14: #N/A | BB14: #N/A | BC14: 45 | BD14: 15 | BE14: 6 | BF14: 91 | BG14: 39
A15: 1884 | B15: 117 | C15: 60 | D15: 99 | E15: 104 | F15: 174 | G15: 11 | H15: 232 | I15: 13 | J15: 23 | K15: 255 | L15: 31 | M15: 256 | N15: 294 | O15: 51 | P15: 56 | Q15: 4 | R15: #N/A | S15: 24 | T15: 17 | U15: 10 | V15: 25 | W15: 82 | X15: 27 | Y15: 66 | Z15: 93 | AA15: 100 | AB15: 6 | AC15: 5 | AD15: 101 | AE15: 103 | AF15: 103 | AG15: 33 | AH15: 29 | AI15: 18 | AJ15: 13 | AK15: 57 | AL15: 25 | AM15: 73 | AN15: 38 | AO15: 130 | AP15: 169 | AQ15: 47 | AR15: 92 | AS15: 88 | AT15: 94 | AU15: 21 | AV15: #N/A | AW15: 111 | AX15: 141 | AY15: 41 | AZ15: 135 | BA15: #N/A | BB15: #N/A | BC15: 36 | BD15: 11 | BE15: 6 | BF15: 77 | BG15: 36
A16: 1885 | B16: 101 | C16: 60 | D16: 98 | E16: 102 | F16: 178 | G16: 11 | H16: 197 | I16: 15 | J16: 21 | K16: 221 | L16: 28 | M16: 223 | N16: 256 | O16: 52 | P16: 56 | Q16: 4 | R16: #N/A | S16: 19 | T16: 15 | U16: 10 | V16: 20 | W16: 77 | X16: 26 | Y16: 63 | Z16: 90 | AA16: 94 | AB16: 5 | AC16: 5 | AD16: 94 | AE16: 96 | AF16: 96 | AG16: 34 | AH16: 27 | AI16: 17 | AJ16: 12 | AK16: 53 | AL16: 29 | AM16: 61 | AN16: 41 | AO16: 114 | AP16: 156 | AQ16: 44 | AR16: 94 | AS16: 88 | AT16: 96 | AU16: 18 | AV16: #N/A | AW16: 111 | AX16: 125 | AY16: 37 | AZ16: 133 | BA16: #N/A | BB16: #N/A | BC16: 33 | BD16: 8 | BE16: 6 | BF16: 71 | BG16: 30
A17: 1886 | B17: 119 | C17: 53 | D17: 90 | E17: 94 | F17: 162 | G17: 10 | H17: 230 | I17: 18 | J17: 19 | K17: 251 | L17: 27 | M17: 253 | N17: 285 | O17: 50 | P17: 54 | Q17: 3 | R17: #N/A | S17: 18 | T17: 13 | U17: 9 | V17: 19 | W17: 74 | X17: 26 | Y17: 65 | Z17: 91 | AA17: 96 | AB17: 5 | AC17: 4 | AD17: 101 | AE17: 103 | AF17: 104 | AG17: 38 | AH17: 33 | AI17: 21 | AJ17: 11 | AK17: 58 | AL17: 38 | AM17: 72 | AN17: 50 | AO17: 131 | AP17: 183 | AQ17: 54 | AR17: 112 | AS17: 106 | AT17: 114 | AU17: 18 | AV17: #N/A | AW17: 129 | AX17: 144 | AY17: 40 | AZ17: 153 | BA17: #N/A | BB17: #N/A | BC17: 45 | BD17: 11 | BE17: 7 | BF17: 88 | BG17: 37
A18: 1887 | B18: 116 | C18: 53 | D18: 91 | E18: 95 | F18: 167 | G18: 11 | H18: 230 | I18: 16 | J18: 21 | K18: 246 | L18: 30 | M18: 248 | N18: 286 | O18: 49 | P18: 54 | Q18: 2 | R18: #N/A | S18: 20 | T18: 15 | U18: 9 | V18: 22 | W18: 75 | X18: 32 | Y18: 82 | Z18: 114 | AA18: 119 | AB18: 6 | AC18: 5 | AD18: 89 | AE18: 91 | AF18: 91 | AG18: 35 | AH18: 31 | AI18: 20 | AJ18: 14 | AK18: 58 | AL18: 37 | AM18: 76 | AN18: 52 | AO18: 135 | AP18: 189 | AQ18: 51 | AR18: 113 | AS18: 105 | AT18: 116 | AU18: 21 | AV18: #N/A | AW18: 132 | AX18: 149 | AY18: 41 | AZ18: 157 | BA18: #N/A | BB18: #N/A | BC18: 56 | BD18: 15 | BE18: 7 | BF18: 102 | BG18: 43
A19: 1888 | B19: 81 | C19: 53 | D19: 88 | E19: 94 | F19: 155 | G19: 10 | H19: 236 | I19: 13 | J19: 25 | K19: 256 | L19: 31 | M19: 257 | N19: 294 | O19: 50 | P19: 57 | Q19: 6 | R19: #N/A | S19: 25 | T19: 20 | U19: 13 | V19: 26 | W19: 81 | X19: 34 | Y19: 84 | Z19: 117 | AA19: 122 | AB19: 6 | AC19: 6 | AD19: 103 | AE19: 105 | AF19: 106 | AG19: 37 | AH19: 31 | AI19: 21 | AJ19: 19 | AK19: 59 | AL19: 36 | AM19: 81 | AN19: 55 | AO19: 140 | AP19: 198 | AQ19: 52 | AR19: 116 | AS19: 110 | AT19: 119 | AU19: 21 | AV19: #N/A | AW19: 135 | AX19: 155 | AY19: 43 | AZ19: 162 | BA19: #N/A | BB19: #N/A | BC19: 45 | BD19: 13 | BE19: 7 | BF19: 90 | BG19: 42
A20: 1889 | B20: 108 | C20: 72 | D20: 119 | E20: 125 | F20: 189 | G20: 14 | H20: 277 | I20: 13 | J20: 29 | K20: 302 | L20: 39 | M20: 304 | N20: 351 | O20: 56 | P20: 62 | Q20: 2 | R20: #N/A | S20: 32 | T20: 22 | U20: 8 | V20: 34 | W20: 97 | X20: 19 | Y20: 99 | Z20: 118 | AA20: 122 | AB20: 5 | AC20: 9 | AD20: 121 | AE20: 123 | AF20: 123 | AG20: 34 | AH20: 29 | AI20: 22 | AJ20: 25 | AK20: 57 | AL20: 43 | AM20: 85 | AN20: 68 | AO20: 143 | AP20: 220 | AQ20: 50 | AR20: 132 | AS20: 121 | AT20: 135 | AU20: 22 | AV20: 24 | AW20: 152 | AX20: 158 | AY20: 53 | AZ20: 188 | BA20: #N/A | BB20: 3 | BC20: 42 | BD20: 13 | BE20: 9 | BF20: 89 | BG20: 40
A21: 1890 | B21: 123 | C21: 81 | D21: 138 | E21: 143 | F21: 216 | G21: 14 | H21: 265 | I21: 13 | J21: 28 | K21: 291 | L21: 39 | M21: 294 | N21: 338 | O21: 55 | P21: 62 | Q21: 2 | R21: #N/A | S21: 36 | T21: 20 | U21: 9 | V21: 37 | W21: 100 | X21: 26 | Y21: 107 | Z21: 133 | AA21: 137 | AB21: 7 | AC21: 11 | AD21: 118 | AE21: 121 | AF21: 120 | AG21: 39 | AH21: 32 | AI21: 26 | AJ21: 21 | AK21: 63 | AL21: 37 | AM21: 92 | AN21: 58 | AO21: 156 | AP21: 220 | AQ21: 58 | AR21: 134 | AS21: 118 | AT21: 137 | AU21: 23 | AV21: 25 | AW21: 155 | AX21: 173 | AY21: 53 | AZ21: 190 | BA21: #N/A | BB21: 5 | BC21: 47 | BD21: 14 | BE21: 10 | BF21: 101 | BG21: 43
A22: 1891 | B22: 198 | C22: 79 | D22: 128 | E22: 133 | F22: 219 | G22: 15 | H22: 291 | I22: 16 | J22: 25 | K22: 314 | L22: 37 | M22: 317 | N22: 360 | O22: 50 | P22: 59 | Q22: 10 | R22: #N/A | S22: 38 | T22: 23 | U22: 18 | V22: 40 | W22: 98 | X22: 22 | Y22: 114 | Z22: 136 | AA22: 138 | AB22: 6 | AC22: 10 | AD22: 159 | AE22: 162 | AF22: 161 | AG22: 38 | AH22: 29 | AI22: 25 | AJ22: 25 | AK22: 55 | AL22: 44 | AM22: 67 | AN22: 69 | AO22: 122 | AP22: 194 | AQ22: 54 | AR22: 132 | AS22: 127 | AT22: 135 | AU22: 24 | AV22: 26 | AW22: 153 | AX22: 140 | AY22: 52 | AZ22: 187 | BA22: #N/A | BB22: 6 | BC22: 49 | BD22: 12 | BE22: 13 | BF22: 103 | BG22: 40
A23: 1892 | B23: 203 | C23: 89 | D23: 146 | E23: 150 | F23: 255 | G23: 13 | H23: 230 | I23: 15 | J23: 26 | K23: 253 | L23: 37 | M23: 255 | N23: 297 | O23: 47 | P23: 56 | Q23: 5 | R23: #N/A | S23: 35 | T23: 24 | U23: 13 | V23: 36 | W23: 91 | X23: 19 | Y23: 113 | Z23: 131 | AA23: 134 | AB23: 6 | AC23: 9 | AD23: 129 | AE23: 132 | AF23: 131 | AG23: 43 | AH23: 32 | AI23: 23 | AJ23: 22 | AK23: 62 | AL23: 51 | AM23: 71 | AN23: 73 | AO23: 132 | AP23: 209 | AQ23: 55 | AR23: 142 | AS23: 132 | AT23: 146 | AU23: 27 | AV23: 29 | AW23: 166 | AX23: 152 | AY23: 54 | AZ23: 200 | BA23: #N/A | BB23: 7 | BC23: 40 | BD23: 12 | BE23: 13 | BF23: 97 | BG23: 41
A24: 1893 | B24: 139 | C24: 77 | D24: 133 | E24: 137 | F24: 230 | G24: 17 | H24: 217 | I24: 16 | J24: 27 | K24: 249 | L24: 37 | M24: 251 | N24: 294 | O24: 46 | P24: 59 | Q24: 16 | R24: #N/A | S24: 39 | T24: 25 | U24: 25 | V24: 42 | W24: 97 | X24: 19 | Y24: 113 | Z24: 133 | AA24: 134 | AB24: 6 | AC24: 7 | AD24: 141 | AE24: 145 | AF24: 143 | AG24: 36 | AH24: 26 | AI24: 26 | AJ24: 23 | AK24: 59 | AL24: 33 | AM24: 65 | AN24: 56 | AO24: 124 | AP24: 182 | AQ24: 51 | AR24: 119 | AS24: 111 | AT24: 122 | AU24: 25 | AV24: 28 | AW24: 142 | AX24: 143 | AY24: 52 | AZ24: 175 | BA24: #N/A | BB24: 8 | BC24: 37 | BD24: 10 | BE24: 14 | BF24: 88 | BG24: 36
A25: 1894 | B25: 109 | C25: 82 | D25: 141 | E25: 146 | F25: 223 | G25: 18 | H25: 215 | I25: 17 | J25: 28 | K25: 240 | L25: 40 | M25: 242 | N25: 288 | O25: 45 | P25: 56 | Q25: 17 | R25: #N/A | S25: 37 | T25: 22 | U25: 25 | V25: 40 | W25: 94 | X25: 16 | Y25: 118 | Z25: 134 | AA25: 136 | AB25: 6 | AC25: 8 | AD25: 124 | AE25: 128 | AF25: 126 | AG25: 29 | AH25: 21 | AI25: 26 | AJ25: 15 | AK25: 51 | AL25: 37 | AM25: 43 | AN25: 52 | AO25: 94 | AP25: 148 | AQ25: 46 | AR25: 113 | AS25: 102 | AT25: 117 | AU25: 20 | AV25: 21 | AW25: 132 | AX25: 109 | AY25: 43 | AZ25: 160 | BA25: #N/A | BB25: 5 | BC25: 26 | BD25: 7 | BE25: 11 | BF25: 69 | BG25: 27
A26: 1895 | B26: 106 | C26: 82 | D26: 133 | E26: 138 | F26: 210 | G26: 21 | H26: 204 | I26: 17 | J26: 29 | K26: 228 | L26: 45 | M26: 230 | N26: 281 | O26: 62 | P26: 73 | Q26: 14 | R26: #N/A | S26: 44 | T26: 24 | U26: 25 | V26: 47 | W26: 117 | X26: 16 | Y26: 121 | Z26: 136 | AA26: 139 | AB26: 6 | AC26: 8 | AD26: 86 | AE26: 91 | AF26: 88 | AG26: 52 | AH26: 42 | AI26: 28 | AJ26: 18 | AK26: 68 | AL26: 64 | AM26: 89 | AN26: 82 | AO26: 157 | AP26: 245 | AQ26: 70 | AR26: 166 | AS26: 155 | AT26: 171 | AU26: 24 | AV26: 25 | AW26: 189 | AX26: 177 | AY26: 57 | AZ26: 227 | BA26: #N/A | BB26: 4 | BC26: 31 | BD26: 11 | BE26: 10 | BF26: 77 | BG26: 40
A27: 1896 | B27: 165 | C27: 86 | D27: 132 | E27: 137 | F27: 219 | G27: 22 | H27: 253 | I27: 23 | J27: 35 | K27: 278 | L27: 49 | M27: 281 | N27: 337 | O27: 68 | P27: 80 | Q27: 32 | R27: #N/A | S27: 60 | T27: 24 | U27: 43 | V27: 63 | W27: 142 | X27: 15 | Y27: 100 | Z27: 115 | AA27: 118 | AB27: 6 | AC27: 7 | AD27: 107 | AE27: 115 | AF27: 109 | AG27: 32 | AH27: 25 | AI27: 22 | AJ27: 18 | AK27: 62 | AL27: 39 | AM27: 57 | AN27: 57 | AO27: 119 | AP27: 180 | AQ27: 46 | AR27: 114 | AS27: 107 | AT27: 118 | AU27: 22 | AV27: 23 | AW27: 133 | AX27: 136 | AY27: 43 | AZ27: 161 | BA27: #N/A | BB27: 3 | BC27: 23 | BD27: 11 | BE27: 9 | BF27: 67 | BG27: 37
A28: 1897 | B28: 235 | C28: 94 | D28: 145 | E28: 149 | F28: 240 | G28: 21 | H28: 231 | I28: 22 | J28: 40 | K28: 252 | L28: 54 | M28: 256 | N28: 316 | O28: 65 | P28: 77 | Q28: 39 | R28: #N/A | S28: 75 | T28: 23 | U28: 52 | V28: 79 | W28: 155 | X28: 14 | Y28: 100 | Z28: 114 | AA28: 119 | AB28: 6 | AC28: 8 | AD28: 94 | AE28: 102 | AF28: 96 | AG28: 46 | AH28: 38 | AI28: 28 | AJ28: 19 | AK28: 68 | AL28: 84 | AM28: 59 | AN28: 104 | AO28: 127 | AP28: 240 | AQ28: 65 | AR28: 178 | AS28: 173 | AT28: 182 | AU28: 22 | AV28: 22 | AW28: 198 | AX28: 145 | AY28: 49 | AZ28: 231 | BA28: #N/A | BB28: 4 | BC28: 22 | BD28: 8 | BE28: 10 | BF28: 67 | BG28: 31
A29: 1898 | B29: 279 | C29: 111 | D29: 171 | E29: 175 | F29: 290 | G29: 23 | H29: 253 | I29: 24 | J29: 38 | K29: 280 | L29: 55 | M29: 285 | N29: 346 | O29: 60 | P29: 73 | Q29: 42 | R29: #N/A | S29: 100 | T29: 24 | U29: 57 | V29: 104 | W29: 174 | X29: 12 | Y29: 74 | Z29: 87 | AA29: 91 | AB29: 6 | AC29: 9 | AD29: 94 | AE29: 98 | AF29: 96 | AG29: 51 | AH29: 44 | AI29: 31 | AJ29: 22 | AK29: 59 | AL29: 40 | AM29: 41 | AN29: 61 | AO29: 100 | AP29: 163 | AQ29: 76 | AR29: 146 | AS29: 141 | AT29: 150 | AU29: 17 | AV29: 18 | AW29: 166 | AX29: 117 | AY29: 39 | AZ29: 189 | BA29: #N/A | BB29: 4 | BC29: 25 | BD29: 7 | BE29: 11 | BF29: 72 | BG29: 27
A30: 1899 | B30: 229 | C30: 116 | D30: 178 | E30: 182 | F30: 304 | G30: 28 | H30: 217 | I30: 31 | J30: 45 | K30: 246 | L30: 67 | M30: 251 | N30: 325 | O30: 74 | P30: 90 | Q30: 53 | R30: 78 | S30: 125 | T30: 30 | U30: 72 | V30: 130 | W30: 217 | X30: 12 | Y30: 83 | Z30: 95 | AA30: 99 | AB30: 9 | AC30: 11 | AD30: 128 | AE30: 133 | AF30: 131 | AG30: 63 | AH30: 56 | AI30: 41 | AJ30: 28 | AK30: 68 | AL30: 57 | AM30: 40 | AN30: 85 | AO30: 109 | AP30: 201 | AQ30: 97 | AR30: 194 | AS30: 188 | AT30: 199 | AU30: 21 | AV30: 23 | AW30: 215 | AX30: 129 | AY30: 52 | AZ30: 251 | BA30: 21 | BB30: 8 | BC30: 42 | BD30: 9 | BE30: 22 | BF30: 98 | BG30: 32
A31: 1900 | B31: 217 | C31: 117 | D31: 182 | E31: 188 | F31: 310 | G31: 28 | H31: 337 | I31: 26 | J31: 52 | K31: 375 | L31: 74 | M31: 381 | N31: 464 | O31: 83 | P31: 106 | Q31: 74 | R31: 89 | S31: 147 | T31: 37 | U31: 96 | V31: 153 | W31: 250 | X31: 12 | Y31: 87 | Z31: 100 | AA31: 103 | AB31: 9 | AC31: 10 | AD31: 111 | AE31: 117 | AF31: 115 | AG31: 65 | AH31: 56 | AI31: 37 | AJ31: 34 | AK31: 78 | AL31: 53 | AM31: 43 | AN31: 86 | AO31: 121 | AP31: 216 | AQ31: 93 | AR31: 195 | AS31: 186 | AT31: 201 | AU31: 22 | AV31: 25 | AW31: 218 | AX31: 143 | AY31: 57 | AZ31: 258 | BA31: 16 | BB31: 12 | BC31: 49 | BD31: 12 | BE31: 27 | BF31: 106 | BG31: 36
A32: 1901 | B32: 246 | C32: 128 | D32: 204 | E32: 210 | F32: 333 | G32: 30 | H32: 328 | I32: 32 | J32: 48 | K32: 356 | L32: 71 | M32: 363 | N32: 441 | O32: 81 | P32: 104 | Q32: 40 | R32: 80 | S32: 130 | T32: 38 | U32: 62 | V32: 136 | W32: 235 | X32: 13 | Y32: 97 | Z32: 110 | AA32: 113 | AB32: 10 | AC32: 11 | AD32: 101 | AE32: 108 | AF32: 104 | AG32: 67 | AH32: 61 | AI32: 40 | AJ32: 34 | AK32: 83 | AL32: 55 | AM32: 42 | AN32: 89 | AO32: 125 | AP32: 222 | AQ32: 101 | AR32: 206 | AS32: 197 | AT32: 213 | AU32: 25 | AV32: 27 | AW32: 232 | AX32: 148 | AY32: 57 | AZ32: 270 | BA32: 27 | BB32: 23 | BC32: 49 | BD32: 12 | BE32: 41 | BF32: 117 | BG32: 39
A33: 1902 | B33: 159 | C33: 112 | D33: 181 | E33: 188 | F33: 308 | G33: 32 | H33: 325 | I33: 40 | J33: 51 | K33: 349 | L33: 74 | M33: 354 | N33: 437 | O33: 77 | P33: 97 | Q33: 49 | R33: 85 | S33: 127 | T33: 34 | U33: 72 | V33: 134 | W33: 230 | X33: 16 | Y33: 99 | Z33: 115 | AA33: 118 | AB33: 12 | AC33: 13 | AD33: 86 | AE33: 92 | AF33: 92 | AG33: 69 | AH33: 63 | AI33: 36 | AJ33: 47 | AK33: 94 | AL33: 69 | AM33: 51 | AN33: 115 | AO33: 146 | AP33: 271 | AQ33: 99 | AR33: 231 | AS33: 226 | AT33: 242 | AU33: 30 | AV33: 33 | AW33: 261 | AX33: 170 | AY33: 71 | AZ33: 312 | BA33: 29 | BB33: 18 | BC33: 70 | BD33: 18 | BE33: 40 | BF33: 140 | BG33: 46
A34: 1903 | B34: 174 | C34: 105 | D34: 178 | E34: 183 | F34: 308 | G34: 35 | H34: 407 | I34: 34 | J34: 63 | K34: 427 | L34: 86 | M34: 433 | N34: 530 | O34: 82 | P34: 112 | Q34: 47 | R34: 94 | S34: 136 | T34: 42 | U34: 71 | V34: 142 | W34: 245 | X34: 15 | Y34: 100 | Z34: 115 | AA34: 118 | AB34: 13 | AC34: 14 | AD34: 88 | AE34: 94 | AF34: 94 | AG34: 65 | AH34: 59 | AI34: 46 | AJ34: 46 | AK34: 98 | AL34: 68 | AM34: 50 | AN34: 114 | AO34: 148 | AP34: 273 | AQ34: 106 | AR34: 237 | AS34: 230 | AT34: 247 | AU34: 29 | AV34: 33 | AW34: 267 | AX34: 175 | AY34: 71 | AZ34: 318 | BA34: 30 | BB34: 10 | BC34: 75 | BD34: 19 | BE34: 38 | BF34: 149 | BG34: 50
A35: 1904 | B35: 101 | C35: 97 | D35: 163 | E35: 169 | F35: 269 | G35: 38 | H35: 404 | I35: 42 | J35: 61 | K35: 421 | L35: 92 | M35: 426 | N35: 527 | O35: 89 | P35: 119 | Q35: 89 | R35: 99 | S35: 153 | T35: 44 | U35: 113 | V35: 162 | W35: 275 | X35: 18 | Y35: 126 | Z35: 144 | AA35: 145 | AB35: 13 | AC35: 15 | AD35: 113 | AE35: 119 | AF35: 118 | AG35: 68 | AH35: 63 | AI35: 57 | AJ35: 45 | AK35: 91 | AL35: 87 | AM35: 44 | AN35: 132 | AO35: 136 | AP35: 279 | AQ35: 121 | AR35: 269 | AS35: 263 | AT35: 279 | AU35: 30 | AV35: 34 | AW35: 300 | AX35: 161 | AY35: 73 | AZ35: 353 | BA35: 29 | BB35: 11 | BC35: 59 | BD35: 16 | BE35: 33 | BF35: 130 | BG35: 48
A36: 1905 | B36: 154 | C36: 107 | D36: 187 | E36: 191 | F36: 302 | G36: 40 | H36: 450 | I36: 66 | J36: 59 | K36: 436 | L36: 92 | M36: 442 | N36: 545 | O36: 88 | P36: 119 | Q36: 98 | R36: 115 | S36: 174 | T36: 45 | U36: 123 | V36: 185 | W36: 302 | X36: 17 | Y36: 115 | Z36: 132 | AA36: 134 | AB36: 15 | AC36: 15 | AD36: 133 | AE36: 139 | AF36: 138 | AG36: 86 | AH36: 80 | AI36: 64 | AJ36: 52 | AK36: 105 | AL36: 105 | AM36: 52 | AN36: 157 | AO36: 157 | AP36: 326 | AQ36: 144 | AR36: 320 | AS36: 312 | AT36: 330 | AU36: 35 | AV36: 39 | AW36: 353 | AX36: 189 | AY36: 84 | AZ36: 414 | BA36: 39 | BB36: 15 | BC36: 74 | BD36: 18 | BE36: 38 | BF36: 157 | BG36: 52
A37: 1906 | B37: 178 | C37: 113 | D37: 203 | E37: 207 | F37: 328 | G37: 47 | H37: 456 | I37: 52 | J37: 77 | K37: 480 | L37: 118 | M37: 487 | N37: 616 | O37: 94 | P37: 128 | Q37: 106 | R37: 140 | S37: 211 | T37: 50 | U37: 134 | V37: 223 | W37: 350 | X37: 18 | Y37: 113 | Z37: 131 | AA37: 134 | AB37: 16 | AC37: 22 | AD37: 116 | AE37: 123 | AF37: 123 | AG37: 102 | AH37: 92 | AI37: 71 | AJ37: 50 | AK37: 136 | AL37: 106 | AM37: 54 | AN37: 156 | AO37: 190 | AP37: 358 | AQ37: 163 | AR37: 346 | AS37: 331 | AT37: 358 | AU37: 44 | AV37: 49 | AW37: 385 | AX37: 232 | AY37: 99 | AZ37: 457 | BA37: 46 | BB37: 17 | BC37: 107 | BD37: 22 | BE37: 43 | BF37: 207 | BG37: 61
A38: 1907 | B38: 194 | C38: 105 | D38: 191 | E38: 195 | F38: 325 | G38: 44 | H38: 496 | I38: 36 | J38: 86 | K38: 531 | L38: 123 | M38: 540 | N38: 673 | O38: 102 | P38: 145 | Q38: 115 | R38: 157 | S38: 239 | T38: 60 | U38: 147 | V38: 253 | W38: 391 | X38: 26 | Y38: 121 | Z38: 147 | AA38: 150 | AB38: 19 | AC38: 26 | AD38: 126 | AE38: 134 | AF38: 135 | AG38: 97 | AH38: 87 | AI38: 71 | AJ38: 64 | AK38: 154 | AL38: 115 | AM38: 60 | AN38: 178 | AO38: 214 | AP38: 407 | AQ38: 157 | AR38: 360 | AS38: 349 | AT38: 373 | AU38: 50 | AV38: 58 | AW38: 402 | AX38: 264 | AY38: 111 | AZ38: 485 | BA38: 35 | BB38: 21 | BC38: 111 | BD38: 23 | BE38: 49 | BF38: 206 | BG38: 65
A39: 1908 | B39: 170 | C39: 93 | D39: 178 | E39: 182 | F39: 309 | G39: 42 | H39: 466 | I39: 35 | J39: 71 | K39: 492 | L39: 105 | M39: 500 | N39: 617 | O39: 116 | P39: 155 | Q39: 105 | R39: 127 | S39: 189 | T39: 57 | U39: 130 | V39: 198 | W39: 348 | X39: 23 | Y39: 115 | Z39: 137 | AA39: 140 | AB39: 18 | AC39: 23 | AD39: 126 | AE39: 133 | AF39: 134 | AG39: 69 | AH39: 66 | AI39: 60 | AJ39: 44 | AK39: 111 | AL39: 91 | AM39: 40 | AN39: 134 | AO39: 150 | AP39: 295 | AQ39: 126 | AR39: 285 | AS39: 272 | AT39: 297 | AU39: 39 | AV39: 46 | AW39: 319 | AX39: 189 | AY39: 85 | AZ39: 382 | BA39: 16 | BB39: 18 | BC39: 65 | BD39: 16 | BE39: 36 | BF39: 133 | BG39: 47
A40: 1909 | B40: 117 | C40: 74 | D40: 149 | E40: 156 | F40: 268 | G40: 48 | H40: 496 | I40: 43 | J40: 72 | K40: 516 | L40: 110 | M40: 524 | N40: 649 | O40: 111 | P40: 153 | Q40: 112 | R40: 125 | S40: 193 | T40: 56 | U40: 140 | V40: 203 | W40: 361 | X40: 30 | Y40: 134 | Z40: 164 | AA40: 168 | AB40: 20 | AC40: 24 | AD40: 135 | AE40: 145 | AF40: 145 | AG40: 120 | AH40: 116 | AI40: 101 | AJ40: 49 | AK40: 129 | AL40: 134 | AM40: 51 | AN40: 183 | AO40: 180 | AP40: 378 | AQ40: 217 | AR40: 425 | AS40: 415 | AT40: 440 | AU40: 48 | AV40: 58 | AW40: 470 | AX40: 223 | AY40: 118 | AZ40: 558 | BA40: 46 | BB40: 24 | BC40: 85 | BD40: 24 | BE40: 52 | BF40: 191 | BG40: 59
A41: 1910 | B41: 93 | C41: 60 | D41: 128 | E41: 135 | F41: 239 | G41: 57 | H41: 566 | I41: 44 | J41: 85 | K41: 585 | L41: 134 | M41: 592 | N41: 743 | O41: 101 | P41: 146 | Q41: 121 | R41: 163 | S41: 246 | T41: 60 | U41: 152 | V41: 260 | W41: 422 | X41: 28 | Y41: 120 | Z41: 148 | AA41: 153 | AB41: 23 | AC41: 27 | AD41: 157 | AE41: 164 | AF41: 169 | AG41: 103 | AH41: 99 | AI41: 144 | AJ41: 46 | AK41: 127 | AL41: 110 | AM41: 51 | AN41: 157 | AO41: 178 | AP41: 355 | AQ41: 243 | AR41: 424 | AS41: 426 | AT41: 451 | AU41: 53 | AV41: 66 | AW41: 474 | AX41: 222 | AY41: 130 | AZ41: 581 | BA41: 46 | BB41: 30 | BC41: 100 | BD41: 26 | BE41: 65 | BF41: 213 | BG41: 65
... A54: 1923 | B54: 257 | C54: 154 | D54: 330 | E54: 345 | F54: 553 | G54: 70 | H54: 945 | I54: 177 | J54: 147 | K54: 987 | L54: 208 | M54: 1001 | N54: 1233 | O54: 366 | P54: 532 | Q54: 242 | R54: 490 | S54: 650 | T54: 203 | U54: 346 | V54: 670 | W54: 1179 | X54: 73 | Y54: 285 | Z54: 358 | AA54: 365 | AB54: 74 | AC54: 43 | AD54: 429 | AE54: 430 | AF54: 490 | AG54: 147 | AH54: 127 | AI54: 282 | AJ54: 97 | AK54: 227 | AL54: 528 | AM54: 92 | AN54: 625 | AO54: 318 | AP54: 1008 | AQ54: 409 | AR54: 1091 | AS54: 1102 | AT54: 1160 | AU54: 140 | AV54: 214 | AW54: 1234 | AX54: 491 | AY54: 410 | AZ54: 1570 | BA54: 78 | BB54: 58 | BC54: 198 | BD54: 58 | BE54: 170 | BF54: 391 | BG54: 188

Sheet MajorData
A1: Direction | B1: Export | C1: Export | D1: Export | E1: Export | F1: Export | G1: Export | H1: Export | I1: Export | J1: Export | K1: Export | L1: Export | M1: Export | N1: Export | O1: Export | P1: Export | Q1: Export | R1: Export | S1: Export | T1: Export | U1: Export | V1: Export | W1: Import | X1: Import | Y1: Import | Z1: Import | AA1: Import | AB1: Import | AC1: Import | AD1: Import | AE1: Import | AF1: Import | AG1: Import | AH1: Import | AI1: Import | AJ1: Import | AK1: Import | AL1: Import | AM1: Import | AN1: Import | AO1: Import | AP1: Import | AQ1: Import | AR1: Import
A2: Data Type | B2: $mn | C2: $mn | D2: $mn | E2: $mn | F2: $mn | G2: $mn | H2: $mn | I2: $mn | J2: $mn | K2: $mn | L2: $mn | M2: $mn | N2: $mn | O2: $mn | P2: $mn | Q2: $mn | R2: $mn | S2: $mn | T2: $mn | U2: $mn | V2: $mn | W2: $mn | X2: $mn | Y2: $mn | Z2: $mn | AA2: $mn | AB2: $mn | AC2: $mn | AD2: $mn | AE2: $mn | AF2: $mn | AG2: $mn | AH2: $mn | AI2: $mn | AJ2: $mn | AK2: $mn | AL2: $mn | AM2: $mn | AN2: $mn | AO2: $mn | AP2: $mn | AQ2: $mn | AR2: $mn
A3: Cat | B3: =IF(B$1="Export",INDEX(CodesIndex!$J$3:$J$24,MATCH(B$4,CodesIndex!$I$3:$I$24,0)),IF(B$1="Import",INDEX(CodesIndex!$L$3:$L$200,MATCH(B$4,CodesIndex!$K$3:$K$200,0)))) -> Crude foodstuffs, excluding tobacco | C3: =IF(C$1="Export",INDEX(CodesIndex!$J$3:$J$24,MATCH(C$4,CodesIndex!$I$3:$I$24,0)),IF(C$1="Import",INDEX(CodesIndex!$L$3:$L$200,MATCH(C$4,CodesIndex!$K$3:$K$200,0)))) -> Crude foodstuffs, including tobacco | D3: =IF(D$1="Export",INDEX(CodesIndex!$J$3:$J$24,MATCH(D$4,CodesIndex!$I$3:$I$24,0)),IF(D$1="Import",INDEX(CodesIndex!$L$3:$L$200,MATCH(D$4,CodesIndex!$K$3:$K$200,0)))) -> Manufactured foodstuffs, excluding tobacco | E3: =IF(E$1="Export",INDEX(CodesIndex!$J$3:$J$24,MATCH(E$4,CodesIndex!$I$3:$I$24,0)),IF(E$1="Import",INDEX(CodesIndex!$L$3:$L$200,MATCH(E$4,CodesIndex!$K$3:$K$200,0)))) -> Manufactured foodstuffs, including tobacco | F3: =IF(F$1="Export",INDEX(CodesIndex!$J$3:$J$24,MATCH(F$4,CodesIndex!$I$3:$I$24,0)),IF(F$1="Import",INDEX(CodesIndex!$L$3:$L$200,MATCH(F$4,CodesIndex!$K$3:$K$200,0)))) -> Agricultural foodstuffs, excluding tobacco | G3: =IF(G$1="Export",INDEX(CodesIndex!$J$3:$J$24,MATCH(G$4,CodesIndex!$I$3:$I$24,0)),IF(G$1="Import",INDEX(CodesIndex!$L$3:$L$200,MATCH(G$4,CodesIndex!$K$3:$K$200,0)))) -> Agricultural foodstuffs, including tobacco | H3: =IF(H$1="Export",INDEX(CodesIndex!$J$3:$J$24,MATCH(H$4,CodesIndex!$I$3:$I$24,0)),IF(H$1="Import",INDEX(CodesIndex!$L$3:$L$200,MATCH(H$4,CodesIndex!$K$3:$K$200,0)))) -> Foodstuffs, excluding tobacco and products | I3: =IF(I$1="Export",INDEX(CodesIndex!$J$3:$J$24,MATCH(I$4,CodesIndex!$I$3:$I$24,0)),IF(I$1="Import",INDEX(CodesIndex!$L$3:$L$200,MATCH(I$4,CodesIndex!$K$3:$K$200,0)))) -> Foodstuffs, including tobacco and products | ... AR3: =IF(AR$1="Export",INDEX(CodesIndex!$J$3:$J$24,MATCH(AR$4,CodesIndex!$I$3:$I$24,0)),IF(AR$1="Import",INDEX(CodesIndex!$L$3:$L$200,MATCH(AR$4,CodesIndex!$K$3:$K$200,0)))) -> Total nonagricultural products
A4: Cat # | B4: 201 | C4: 202 | D4: 203 | E4: 204 | F4: 205 | G4: 206 | H4: 207 | I4: 208 | J4: 209 | K4: 210 | L4: 211 | M4: 212 | N4: 213 | O4: 214 | P4: 215 | Q4: 216 | R4: 217 | S4: 218 | T4: 219 | U4: 221 | V4: 222 | W4: 201 | X4: 202 | Y4: 203 | Z4: 204 | AA4: 205 | AB4: 206 | AC4: 207 | AD4: 208 | AE4: 209 | AF4: 210 | AG4: 211 | AH4: 212 | AI4: 213 | AJ4: 214 | AK4: 215 | AL4: 216 | AM4: 217 | AN4: 218 | AO4: 219 | AP4: 220 | AQ4: 222 | AR4: 223
A10: 1879 | B10: 230 | C10: 244 | D10: 175 | E10: 177 | F10: 398 | G10: 412 | H10: 405 | I10: 421 | J10: 617 | K10: 653 | L10: 214 | M10: 229 | N10: 30 | O10: 82 | P10: 85 | Q10: 244 | R10: 258 | S10: 665 | T10: 747 | U10: 75 | V10: 129 | W10: 102 | X10: 106 | Y10: 82 | Z10: 85 | AA10: 180 | AB10: 183 | AC10: 184 | AD10: 190 | AE10: 252 | AF10: 392 | AG10: 82 | AH10: 85 | AI10: 77 | AJ10: 159 | AK10: 162 | AL10: 349 | AM10: 132 | AN10: 134 | AO10: 481 | AP10: 136 | AQ10: 89 | AR10: 226
A11: 1880 | B11: 258 | C11: 276 | D11: 212 | E11: 214 | F11: 463 | G11: 481 | H11: 470 | I11: 491 | J11: 735 | K11: 776 | L11: 265 | M11: 284 | N11: 31 | O11: 82 | P11: 84 | Q11: 296 | R11: 315 | S11: 787 | T11: 869 | U11: 72 | V11: 131 | W11: 104 | X11: 109 | Y11: 110 | Z11: 112 | AA11: 209 | AB11: 214 | AC11: 214 | AD11: 222 | AE11: 309 | AF11: 498 | AG11: 115 | AH11: 120 | AI11: 129 | AJ11: 244 | AK11: 249 | AL11: 465 | AM11: 191 | AN11: 194 | AO11: 657 | AP11: 196 | AQ11: 158 | AR11: 346
A12: 1881 | B12: 200 | C12: 219 | D12: 201 | E12: 203 | F12: 393 | G12: 412 | H12: 401 | I12: 421 | J12: 647 | K12: 691 | L12: 248 | M12: 266 | N12: 36 | O12: 103 | P12: 105 | Q12: 284 | R12: 302 | S12: 705 | T12: 808 | U12: 93 | V12: 159 | W12: 111 | X12: 116 | Y12: 112 | Z12: 115 | AA12: 217 | AB12: 222 | AC12: 223 | AD12: 231 | AE12: 305 | AF12: 486 | AG12: 102 | AH12: 107 | AI12: 110 | AJ12: 212 | AK12: 217 | AL12: 443 | AM12: 181 | AN12: 184 | AO12: 624 | AP12: 187 | AQ12: 138 | AR12: 316
A13: 1882 | B13: 147 | C13: 166 | D13: 170 | E13: 172 | F13: 309 | G13: 328 | H13: 316 | I13: 338 | J13: 570 | K13: 621 | L13: 256 | M13: 275 | N13: 42 | O13: 108 | P13: 110 | Q13: 299 | R13: 318 | S13: 637 | T13: 744 | U13: 98 | V13: 171 | W13: 116 | X13: 122 | Y13: 133 | Z13: 136 | AA13: 242 | AB13: 247 | AC13: 249 | AD13: 258 | AE13: 343 | AF13: 559 | AG13: 120 | AH13: 125 | AI13: 130 | AJ13: 250 | AK13: 256 | AL13: 508 | AM13: 212 | AN13: 215 | AO13: 720 | AP13: 218 | AQ13: 160 | AR13: 373
A14: 1883 | B14: 142 | C14: 162 | D14: 197 | E14: 200 | F14: 333 | G14: 352 | H14: 340 | I14: 362 | J14: 593 | K14: 640 | L14: 257 | M14: 277 | N14: 43 | O14: 111 | P14: 114 | Q14: 300 | R14: 320 | S14: 662 | T14: 773 | U14: 109 | V14: 178 | W14: 102 | X14: 110 | Y14: 125 | Z14: 128 | AA14: 219 | AB14: 228 | AC14: 227 | AD14: 238 | AE14: 315 | AF14: 518 | AG14: 109 | AH14: 117 | AI14: 116 | AJ14: 225 | AK14: 233 | AL14: 463 | AM14: 191 | AN14: 194 | AO14: 654 | AP14: 196 | AQ14: 137 | AR14: 336
A15: 1884 | B15: 118 | C15: 137 | D15: 186 | E15: 188 | F15: 291 | G15: 311 | H15: 303 | I15: 326 | J15: 548 | K15: 601 | L15: 259 | M15: 279 | N15: 42 | O15: 104 | P15: 106 | Q15: 301 | R15: 321 | S15: 627 | T15: 731 | U15: 109 | V15: 180 | W15: 101 | X15: 108 | Y15: 109 | Z15: 113 | AA15: 204 | AB15: 210 | AC15: 211 | AD15: 220 | AE15: 299 | AF15: 491 | AG15: 110 | AH15: 117 | AI15: 101 | AJ15: 212 | AK15: 218 | AL15: 432 | AM15: 178 | AN15: 181 | AO15: 610 | AP15: 183 | AQ15: 119 | AR15: 307
A16: 1885 | B16: 101 | C16: 127 | D16: 186 | E16: 189 | F16: 279 | G16: 305 | H16: 286 | I16: 316 | J16: 502 | K16: 546 | L16: 215 | M16: 241 | N16: 40 | O16: 100 | P16: 103 | Q16: 255 | R16: 282 | S16: 571 | T16: 671 | U16: 103 | V16: 166 | W16: 95 | X16: 104 | Y16: 102 | Z16: 105 | AA16: 191 | AB16: 199 | AC16: 197 | AD16: 209 | AE16: 288 | AF16: 459 | AG16: 108 | AH16: 116 | AI16: 99 | AJ16: 201 | AK16: 210 | AL16: 410 | AM16: 156 | AN16: 159 | AO16: 566 | AP16: 161 | AQ16: 107 | AR16: 274
A17: 1886 | B17: 119 | C17: 148 | D17: 167 | E17: 171 | F17: 281 | G17: 309 | H17: 287 | I17: 318 | J17: 535 | K17: 576 | L17: 241 | M17: 270 | N17: 38 | O17: 100 | P17: 103 | Q17: 279 | R17: 308 | S17: 598 | T17: 697 | U17: 96 | V17: 159 | W17: 97 | X17: 104 | Y17: 109 | Z17: 112 | AA17: 200 | AB17: 207 | AC17: 205 | AD17: 216 | AE17: 314 | AF17: 507 | AG17: 129 | AH17: 136 | AI17: 112 | AJ17: 241 | AK17: 249 | AL17: 457 | AM17: 182 | AN17: 185 | AO17: 639 | AP17: 187 | AQ17: 132 | AR17: 321
A18: 1887 | B18: 116 | C18: 137 | D18: 172 | E18: 175 | F18: 283 | G18: 304 | H18: 288 | I18: 312 | J18: 532 | K18: 577 | L18: 247 | M18: 268 | N18: 42 | O18: 100 | P18: 103 | Q18: 289 | R18: 310 | S18: 601 | T18: 701 | U18: 100 | V18: 165 | W18: 120 | X18: 131 | Y18: 97 | Z18: 100 | AA18: 210 | AB18: 221 | AC18: 217 | AD18: 231 | AE18: 327 | AF18: 528 | AG18: 128 | AH18: 139 | AI18: 127 | AJ18: 255 | AK18: 266 | AL18: 486 | AM18: 194 | AN18: 197 | AO18: 680 | AP18: 200 | AQ18: 152 | AR18: 349
A19: 1888 | B19: 81 | C19: 100 | D19: 161 | E19: 165 | F19: 236 | G19: 254 | H19: 243 | I19: 265 | J19: 494 | K19: 541 | L19: 263 | M19: 282 | N19: 46 | O19: 103 | P19: 107 | Q19: 309 | R19: 328 | S19: 574 | T19: 677 | U19: 114 | V19: 180 | W19: 123 | X19: 132 | Y19: 112 | Z19: 115 | AA19: 228 | AB19: 237 | AC19: 235 | AD19: 247 | AE19: 348 | AF19: 556 | AG19: 134 | AH19: 143 | AI19: 116 | AJ19: 250 | AK19: 259 | AL19: 497 | AM19: 198 | AN19: 202 | AO19: 696 | AP19: 204 | AQ19: 139 | AR19: 344
A20: 1889 | B20: 108 | C20: 130 | D20: 198 | E20: 202 | F20: 297 | G20: 319 | H20: 306 | I20: 331 | J20: 602 | K20: 661 | L20: 309 | M20: 331 | N20: 50 | O20: 120 | P20: 124 | Q20: 359 | R20: 381 | S20: 691 | T20: 810 | U20: 128 | V20: 205 | W20: 123 | X20: 137 | Y20: 128 | Z20: 132 | AA20: 245 | AB20: 259 | AC20: 252 | AD20: 270 | AE20: 381 | AF20: 603 | AG20: 147 | AH20: 160 | AI20: 124 | AJ20: 271 | AK20: 285 | AL20: 541 | AM20: 199 | AN20: 203 | AO20: 740 | AP20: 205 | AQ20: 137 | AR20: 355
A21: 1890 | B21: 123 | C21: 144 | D21: 222 | E21: 226 | F21: 339 | G21: 360 | H21: 346 | I21: 371 | J21: 634 | K21: 689 | L21: 296 | M21: 317 | N21: 51 | O21: 123 | P21: 127 | Q21: 347 | R21: 368 | S21: 718 | T21: 840 | U21: 129 | V21: 202 | W21: 137 | X21: 156 | Y21: 128 | Z21: 132 | AA21: 257 | AB21: 275 | AC21: 265 | AD21: 288 | AE21: 395 | AF21: 633 | AG21: 146 | AH21: 164 | AI21: 136 | AJ21: 281 | AK21: 300 | AL21: 569 | AM21: 218 | AN21: 222 | AO21: 787 | AP21: 224 | AQ21: 153 | AR21: 388
... A54: 1923 | B54: 259 | C54: 413 | D54: 573 | E54: 599 | F54: 811 | G54: 964 | H54: 832 | I54: 1011 | J54: 1819 | K54: 2098 | L54: 1061 | M54: 1214 | N54: 568 | O54: 1438 | P54: 1463 | Q54: 1629 | R54: 1783 | S54: 2641 | T54: 4078 | U54: 1729 | V54: 2234 | W54: 377 | X54: 434 | Y54: 504 | Z54: 514 | AA54: 854 | AB54: 912 | AC54: 881 | AD54: 948 | AE54: 2020 | AF54: 2957 | AG54: 1347 | AH54: 1404 | AI54: 727 | AJ54: 2074 | AK54: 2131 | AL54: 3022 | AM54: 685 | AN54: 695 | AO54: 3707 | AP54: 724 | AQ54: 750 | AR54: 1677

Sheet CodesIndex
A1: Exports | C1: Imports | E1: Export Int | G1: Import Int | I1: Export Maj | K1: Import Maj
A2: Code | B2: Name | C2: Code | D2: Name | E2: Code | F2: Name | G2: Code | H2: Name | I2: Code | J2: Nme | K2: Code | L2: Name
A3: 1 | B3: Crude animal foods, agricultural | C3: 1 | D3: Crude animal foods, agricultural | E3: 101 | F3: Animal | G3: 101 | H3: Animal | I3: 201 | J3: Crude foodstuffs, excluding tobacco | K3: 201 | L3: Crude foodstuffs, excluding tobacco
A4: 2 | B4: Crude animal foods, nonagricultrual | C4: 2 | D4: Crude animal foods, nonagricultrual | E4: 102 | F4: Vegetable, excluding tobacco | G4: 102 | H4: Vegetable, except tropical | I4: 202 | J4: Crude foodstuffs, including tobacco | K4: 202 | L4: Crude foodstuffs, including tobacco
A5: 3 | B5: Hay | C5: 3 | D5: Hay | E5: 103 | F5: Vegetable, including tobacco | G5: 103 | H5: Vegetable, tropical | I5: 203 | J5: Manufactured foodstuffs, excluding tobacco | K5: 203 | L5: Manufactured foodstuffs, excluding tobacco
A6: 4 | B6: Coffee, green | C6: 4 | D6: Grains | E6: 104 | F6: All agricultural, excluding tobacco | G6: 104 | H6: Vegetable, all | I6: 204 | J6: Manufactured foodstuffs, including tobacco | K6: 204 | L6: Manufactured foodstuffs, including tobacco
A7: 5 | B7: Grains | C7: 5 | D7: Vegetables, crude | E7: 105 | F7: All agricultural, including tobacco | G7: 105 | H7: Vegetable, including tobacco | I7: 205 | J7: Agricultural foodstuffs, excluding tobacco | K7: 205 | L7: Agricultural foodstuffs, excluding tobacco
A8: 6 | B8: Vegetables | C8: 6 | D8: Spices, crude | E8: 106 | F8: Meats | G8: 106 | H8: Agricultural, all | I8: 206 | J8: Agricultural foodstuffs, including tobacco | K8: 206 | L8: Agricultural foodstuffs, including tobacco
A9: 7 | B9: Fruits | C9: 7 | D9: Fruits and nuts, crude, except bananas | E9: 107 | F9: Animal, agricultural | G9: 107 | H9: Agricultural, including tobacco | I9: 207 | J9: Foodstuffs, excluding tobacco and products | K9: 207 | L9: Foodstuffs, excluding tobacco and products
A10: 8 | B10: Beef | C10: 8 | D10: Tea | E10: 108 | F10: Animal, all | G10: 108 | H10: Animal | I10: 208 | J10: Foodstuffs, including tobacco and products | K10: 208 | L10: Foodstuffs, including tobacco and products
A11: 9 | B11: Pork and related products | C11: 9 | D11: Coffee | E11: 109 | F11: Vegetable, agricultural, excluding beverages and tropical products | G11: 109 | H11: Vegetable, agricultural, excluding sugar and beverages | I11: 209 | J11: Agricultural products | K11: 209 | L11: Agricultural products
A12: 10 | B12: Other meats and products | C12: 10 | D12: Cocoa or cacao beans | E12: 110 | F12: Vegetable, agricultural | G12: 110 | H12: Vegetable, agricultural | I12: 210 | J12: Products of animal or vegetable origin, excluding printed matter and rubber products | K12: 210 | L12: Products of animal or vegetable origin
A13: 11 | B13: Lard, oleo, and related products | C13: 11 | D13: Bananas | E13: 111 | F13: Vegetable, all | G13: 111 | H13: Vegetable, all | I13: 211 | J13: Crude materials, excluding tobacco | K13: 211 | L13: Crude materials, excluding tobacco
A14: 12 | B14: Dairy products, manufactured | C14: 12 | D14: Manufactured animal foods, agricultural | E14: 112 | F14: Vegetable, including tobacco products | G14: 112 | H14: Vegetable, including tobacco products | I14: 212 | J14: Crude materials, including tobacco | K14: 212 | L14: Crude materials, including tobacco
... A24: 22 | B24: Malt beverages | C24: 22 | D24: Beverages, nonagricultural | E24: 122 | F24: Wood and manufactures, except paper | G24: 122 | H24: Crude, animal | I24: 222 | J24: Total nonagricultural products | K24: 222 | L24: Total products of mineral origin
A25: 23 | B25: Wines | C25: 23 | D25: Spices, ground | E25: 123 | F25: Crude, excluding textiles and tobacco | G25: 123 | H25: Semimanufactured, all | K25: 223 | L25: Total nonagricultural products
A26: 24 | B26: Alcoholic beverages, nonagricultural | C26: 24 | D26: Tobacco, crude | E26: 124 | F26: Crude, excluding tobacco | G26: 124 | H26: Manufactured, animal
A27: 25 | B27: Crude tobacco | C27: 25 | D27: Manufactured tabacco products | E27: 125 | F27: Crude, including tobacco | G27: 125 | H27: Crude, all
A28: 26 | B28: Manufactured tobacco products | C28: 26 | D28: Hides, leather and products, crude | E28: 126 | F28: Semimanufactures | G28: 126 | H28: Manufactured, all
A29: 27 | B29: Hides, leather, and manufactures, crude | C29: 27 | D29: Hides, leather and products, semimanufatured | E29: 127 | F29: Crude | G29: 127 | H29: All fibers
A30: 28 | B30: Hides, leather, and products, semimanufactured | C30: 28 | D30: Hides, leather, and products, manufactured | E30: 128 | F30: Semimanufactures | G30: 128 | H30: Crude, except fibers and tobacco
A31: 29 | B31: Hides, leather, and products, manufactured | C31: 29 | D31: Furs, unmanufactured | E31: 129 | F31: Crude, excluding tobacco | G31: 129 | H31: Crude materials
A32: 30 | B32: Furs, unmanufactured | C32: 30 | D32: Furs, semimanufactured | E32: 130 | F32: Crude, including tobacco | G32: 130 | H32: Crude, including tobacco
A33: 31 | B33: Furs, semimanufactured | C33: 31 | D33: Other animal products, crude, agricultural | E33: 131 | F33: Semimanufactures | G33: 131 | H33: Crude and semimanufactured
A34: 32 | B34: Other animal products, crude, agricultural | C34: 32 | D34: Other animal products, crude, nonagricultural | E34: 132 | F34: Agricultural, excluding tobacco | G34: 132 | H34: Crude and semimanufactured,including tobacco
A35: 33 | B35: Other animal products, semimanufactured, agricultural | C35: 33 | D35: Other animal products, semimanufactured, agricultural | E35: 133 | F35: Agricultural, including tobacco | G35: 133 | H35: Wood and products, except paper and pulp
A36: 34 | B36: Other animal products, semimanufactured, nonagricultural | C36: 34 | D36: Other animal products, semimanufactured, nonagricultural | E36: 134 | F36: Nonagricultural | G36: 134 | H36: Wood and products, including pulp
A37: 35 | B37: Rubber and products, semimanufactured | C37: 35 | D37: Other animal products, manufactured, nonagricultrual | E37: 135 | F37: All, excluding tobacco | G37: 135 | H37: Nonagricultural crude materials of animal or vegetable origin
... A49: 47 | B49: Wool textiles, semimanufactured | C49: 47 | D49: Cotton textiles, manufactured | E49: 147 | F49: Manufactured products, including rubber, books, and other printed matter | G49: 147 | H49: Manufactured metal products
A50: 48 | B50: Wool textiles, manufactured | C50: 48 | D50: Jute and products, crude | G50: 148 | H50: Crude materials
A51: 49 | B51: Silk textiles, manufactured | C51: 49 | D51: Jute textiles, semimanufactured | G51: 149 | H51: Semimanufactures
A52: 50 | B52: Other animal textiles, crude | C52: 50 | D52: Jute textiles, manufactured | G52: 150 | H52: Manufactured products
A53: 51 | B53: Wood and related products, crude | C53: 51 | D53: Other vegetable fibers, crude
A54: 52 | B54: Wood and related products, semimanufactured | C54: 52 | D54: Other vegetable fibers, semimanufactured
A55: 53 | B55: Wood and related products, manufactured | C55: 53 | D55: Other vegetable textiles, manufactured
A56: 54 | B56: Paper and related products, semimanufactured | C56: 54 | D56: Wool textiles, crude
A57: 55 | B57: Paper and related products, manufactured | C57: 55 | D57: Wool textiles, semimanufactured
A58: 56 | B58: Books and other printed matter | C58: 56 | D58: Wool textiles, manufactured
A59: 57 | B59: Coal and products, crude | C59: 57 | D59: Silk textiles, crude
A60: 58 | B60: Coal and products, semimanufactured | C60: 58 | D60: Silk texiles, semimanufactured
A61: 59 | B61: Petroleum and products, crude | C61: 59 | D61: Silk textiles, manufactured
A62: 60 | B62: Petroleum and products, semimanufactured | C62: 60 | D62: Other animal fibers, crude
A63: 61 | B63: Petroleum and prodcuts, manufactured | C63: 61 | D63: Other animal fibers, manufactured
A64: 62 | B64: Other nonmetallic minerals, crude | C64: 62 | D64: Wood and products, crude
... A79: 77 | B79: Miscellaneous items, uncovered | C79: 77 | D79: Nonferrous metals, crude
C80: 78 | D80: Nonferrous metals, semimanufactured
C81: 79 | D81: Nonferrous metals, manufactured
C82: 80 | D82: Iron and steel products, crude
C83: 81 | D83: Iron and steel products, semimanufactured
C84: 82 | D84: Iron and steel products, manufactured
C85: 83 | D85: Machinery
C86: 84 | D86: Vehicles
C87: 85 | D87: Chemicals and allied products, crude
C88: 86 | D88: Chemicals, semimanufactured
C89: 87 | D89: Chemicals and allied products, manufactured
C90: 88 | D90: Miscellaneous
C91: 89 | D91: Art works
C92: 90 | D92: U.S. exports returned

Sheet TotalAndInferredData
B1: Export | C1: Import | E1: =MajorData!U1 -> Export | F1: =MajorData!V1 -> Export | G1: Export | H1: Export | I1: Export | J1: Export | K1: Export | L1: Export | N1: =MajorData!I1 -> Export | O1: =MajorData!J1 -> Export | P1: =MajorData!K1 -> Export | R1: =MajorData!AR1 -> Import | S1: Import | T1: =MajorData!AE1 -> Import | U1: Import | V1: Import | W1: Import | Y1: =MinorData!DK1 -> Export | Z1: =IntData!E1 -> Export | AA1: =MinorData!DR1 -> Export | AB1: =MinorData!DT1 -> Export | AC1: Export | AD1: =IntData!W1 -> Export | AE1: =IntData!V1 -> Export | AF1: =MinorData!EA1 -> Export | AG1: Export | AH1: =IntData!T1 -> Export | AI1: =IntData!U1 -> Export
B2: $mn | C2: $mn | E2: =MajorData!U2 -> $mn | F2: =MajorData!V2 -> $mn | G2: $mn | H2: $mn | I2: Share of total | J2: Share of total | K2: Share of total | L2: Share of total | N2: =MajorData!I2 -> $mn | O2: =MajorData!J2 -> $mn | P2: =MajorData!K2 -> $mn | R2: =MajorData!AR2 -> $mn | S2: $mn | T2: =MajorData!AE2 -> $mn | U2: Share of total | V2: Share of total | W2: Share of total | Y2: =MinorData!DK2 -> $mn | Z2: =IntData!E2 -> $mn | AA2: =MinorData!DR2 -> $mn | AB2: =MinorData!DT2 -> $mn | AC2: $mn | AD2: =IntData!W2 -> $mn | AE2: =IntData!V2 -> $mn | AF2: =MinorData!EA2 -> $mn | AG2: $mn | AH2: =IntData!T2 -> $mn | AI2: =IntData!U2 -> $mn
B3: Grand Total | C3: Grand Total | E3: =MajorData!U3 -> Total products other than those of animal or vegetable origin | F3: =MajorData!V3 -> Total nonagricultural products | G3: Inferred - Total Products of Animal or Vegetable Origin | H3: Inferred - Total Agricultural Products | I3: Total products other than those of animal or vegetable origin | J3: Total nonagricultural products | K3: Inferred - Total Products of Animal or Vegetable Origin | L3: Inferred - Total Agricultural Products | N3: =MajorData!I3 -> Foodstuffs, including tobacco and products | O3: Inferred - Nonfood Animal or Vegetable | P3: Inferred - Nonfood Agricultural | R3: =MajorData!AR3 -> Total nonagricultural products | S3: Inferred - Total Agricultural Products | T3: =MajorData!AE3 -> Agricultural products | U3: Total nonagricultural products | V3: Inferred - Total Agricultural Products | W3: Agricultural products | Y3: =MinorData!DK3 -> Grains | Z3: =IntData!E3 -> Animal, all | AA3: =MinorData!DR3 -> Crude tobacco | AB3: =MinorData!DT3 -> Cotton textiles, crude | AC3: Inferred for chart - Other agricultural | AD3: =IntData!W3 -> Manufactured products, including rubber, books, and other printed matter | AE3: =IntData!V3 -> Manufactured metal products | AF3: =MinorData!EA3 -> Petroleum and prodcuts, manufactured | AG3: Inferred for chart - Other Manufactured | AH3: =IntData!T3 -> Crude materials | AI3: =IntData!U3 -> Semimanufactures
B4: 220 | C4: 221 | E4: =MajorData!U4 -> 221 | F4: =MajorData!V4 -> 222 | G4: 301 | H4: 302 | O4: 310 | P4: 311 | R4: =MajorData!AR4 -> 223 | S4: 303 | T4: =MajorData!AE4 -> 209 | Y4: =MinorData!DK4 -> 5 | Z4: =IntData!E4 -> 108 | AA4: =MinorData!DR4 -> 25 | AB4: =MinorData!DT4 -> 42 | AC4: 312 | AD4: =IntData!W4 -> 147 | AE4: =IntData!V4 -> 146 | AF4: =MinorData!EA4 -> 61 | AG4: 313 | AH4: =IntData!T4 -> 144 | AI4: =IntData!U4 -> 145
A5: mean | B5: {=AVERAGE(B10:B54)} -> 2084.4444 | C5: {=AVERAGE(C10:C54)} -> 1410.6222 | I5: {=AVERAGE(I10:I54)} -> 0.26798438 | J5: {=AVERAGE(J10:J54)} -> 0.37338742 | K5: {=AVERAGE(K10:K54)} -> 0.73201562 | L5: {=AVERAGE(L10:L54)} -> 0.62661258 | U5: {=AVERAGE(U10:U54)} -> 0.4463145 | V5: {=AVERAGE(V10:V54)} -> 0.5536855 | W5: {=AVERAGE(W10:W54)} -> 0.51401107
A6: stdev | B6: {=STDEV(B10:B54)} -> 1912.4166 | C6: {=STDEV(C10:C54)} -> 1056.778
A7: variance | B7: {=VAR(B10:B54)} -> 3657337.2 | C7: {=VAR(C10:C54)} -> 1116779.8
A8: max | B8: =MAX(B10:B54) -> 8080 | C8: =MAX(C10:C54) -> 5278 | I8: =MAX(I10:I54) -> 0.59141005 | J8: =MAX(J10:J54) -> 0.67487844 | K8: =MAX(K10:K54) -> 0.91780822 | L8: =MAX(L10:L54) -> 0.85045662 | U8: =MAX(U10:U54) -> 0.50245959 | V8: =MAX(V10:V54) -> 0.68724385 | W8: =MAX(W10:W54) -> 0.66547131
A10: 1879 | B10: 755 | C10: 514 | E10: =MajorData!U10 -> 75 | F10: =MajorData!V10 -> 129 | G10: =B10-E10 -> 680 | H10: =B10-F10 -> 626 | I10: =E10/$B10 -> 0.099337748 | J10: =F10/$B10 -> 0.17086093 | K10: =G10/$B10 -> 0.90066225 | L10: =H10/$B10 -> 0.82913907 | N10: =MajorData!I10 -> 421 | O10: =G10-N10 -> 259 | P10: =H10-N10 -> 205 | R10: =MajorData!AR10 -> 226 | S10: =C10-R10 -> 288 | T10: =MajorData!AE10 -> 252 | U10: =R10/$C10 -> 0.43968872 | V10: =S10/$C10 -> 0.56031128 | W10: =T10/$C10 -> 0.49027237 | Y10: =MinorData!DK10 -> 217.5 | Z10: =IntData!E10 -> 118 | AA10: =MinorData!DR10 -> 14.2 | AB10: =MinorData!DT10 -> 186.5 | AC10: =G10-SUM(Y10:AB10) -> 143.8 | AD10: =IntData!W10 -> 62 | AE10: =IntData!V10 -> 17 | AF10: =MinorData!EA10 -> 35.2 | AG10: =AD10-SUM(AE10:AF10) -> 9.8 | AH10: =IntData!T10 -> 5 | AI10: =IntData!U10 -> 7
A11: 1880 | B11: 876 | C11: 697 | E11: =MajorData!U11 -> 72 | F11: =MajorData!V11 -> 131 | G11: =B11-E11 -> 804 | H11: =B11-F11 -> 745 | I11: =E11/$B11 -> 0.082191781 | J11: =F11/$B11 -> 0.14954338 | K11: =G11/$B11 -> 0.91780822 | L11: =H11/$B11 -> 0.85045662 | N11: =MajorData!I11 -> 491 | O11: =G11-N11 -> 313 | P11: =H11-N11 -> 254 | R11: =MajorData!AR11 -> 346 | S11: =C11-R11 -> 351 | T11: =MajorData!AE11 -> 309 | U11: =R11/$C11 -> 0.4964132 | V11: =S11/$C11 -> 0.5035868 | W11: =T11/$C11 -> 0.44332855 | Y11: =MinorData!DK11 -> 236.8 | Z11: =IntData!E11 -> 151 | AA11: =MinorData!DR11 -> 18.1 | AB11: =MinorData!DT11 -> 239.3 | AC11: =G11-SUM(Y11:AB11) -> 158.8 | AD11: =IntData!W11 -> 61 | AE11: =IntData!V11 -> 19 | AF11: =MinorData!EA11 -> 31.8 | AG11: =AD11-SUM(AE11:AF11) -> 10.2 | AH11: =IntData!T11 -> 6 | AI11: =IntData!U11 -> 6
A12: 1881 | B12: 814 | C12: 670 | E12: =MajorData!U12 -> 93 | F12: =MajorData!V12 -> 159 | G12: =B12-E12 -> 721 | H12: =B12-F12 -> 655 | I12: =E12/$B12 -> 0.11425061 | J12: =F12/$B12 -> 0.1953317 | K12: =G12/$B12 -> 0.88574939 | L12: =H12/$B12 -> 0.8046683 | N12: =MajorData!I12 -> 421 | O12: =G12-N12 -> 300 | P12: =H12-N12 -> 234 | R12: =MajorData!AR12 -> 316 | S12: =C12-R12 -> 354 | T12: =MajorData!AE12 -> 305 | U12: =R12/$C12 -> 0.47164179 | V12: =S12/$C12 -> 0.52835821 | W12: =T12/$C12 -> 0.45522388 | Y12: =MinorData!DK12 -> 185.7 | Z12: =IntData!E12 -> 144 | AA12: =MinorData!DR12 -> 18.4 | AB12: =MinorData!DT12 -> 222.1 | AC12: =G12-SUM(Y12:AB12) -> 150.8 | AD12: =IntData!W12 -> 79 | AE12: =IntData!V12 -> 23 | AF12: =MinorData!EA12 -> 45.5 | AG12: =AD12-SUM(AE12:AF12) -> 10.5 | AH12: =IntData!T12 -> 7 | AI12: =IntData!U12 -> 7
A13: 1882 | B13: 750 | C13: 753 | E13: =MajorData!U13 -> 98 | F13: =MajorData!V13 -> 171 | G13: =B13-E13 -> 652 | H13: =B13-F13 -> 579 | I13: =E13/$B13 -> 0.13066667 | J13: =F13/$B13 -> 0.228 | K13: =G13/$B13 -> 0.86933333 | L13: =H13/$B13 -> 0.772 | N13: =MajorData!I13 -> 338 | O13: =G13-N13 -> 314 | P13: =H13-N13 -> 241 | R13: =MajorData!AR13 -> 373 | S13: =C13-R13 -> 380 | T13: =MajorData!AE13 -> 343 | U13: =R13/$C13 -> 0.49535193 | V13: =S13/$C13 -> 0.50464807 | W13: =T13/$C13 -> 0.45551129 | Y13: =MinorData!DK13 -> 138.4 | Z13: =IntData!E13 -> 109 | AA13: =MinorData!DR13 -> 18.9 | AB13: =MinorData!DT13 -> 224.6 | AC13: =G13-SUM(Y13:AB13) -> 161.1 | AD13: =IntData!W13 -> 82 | AE13: =IntData!V13 -> 28 | AF13: =MinorData!EA13 -> 41.2 | AG13: =AD13-SUM(AE13:AF13) -> 12.8 | AH13: =IntData!T13 -> 9 | AI13: =IntData!U13 -> 8
A14: 1883 | B14: 778 | C14: 687 | E14: =MajorData!U14 -> 109 | F14: =MajorData!V14 -> 178 | G14: =B14-E14 -> 669 | H14: =B14-F14 -> 600 | I14: =E14/$B14 -> 0.14010283 | J14: =F14/$B14 -> 0.22879177 | K14: =G14/$B14 -> 0.85989717 | L14: =H14/$B14 -> 0.77120823 | N14: =MajorData!I14 -> 362 | O14: =G14-N14 -> 307 | P14: =H14-N14 -> 238 | R14: =MajorData!AR14 -> 336 | S14: =C14-R14 -> 351 | T14: =MajorData!AE14 -> 315 | U14: =R14/$C14 -> 0.48908297 | V14: =S14/$C14 -> 0.51091703 | W14: =T14/$C14 -> 0.45851528 | Y14: =MinorData!DK14 -> 122.3 | Z14: =IntData!E14 -> 125 | AA14: =MinorData!DR14 -> 20 | AB14: =MinorData!DT14 -> 224.7 | AC14: =G14-SUM(Y14:AB14) -> 177 | AD14: =IntData!W14 -> 87 | AE14: =IntData!V14 -> 30 | AF14: =MinorData!EA14 -> 43.3 | AG14: =AD14-SUM(AE14:AF14) -> 13.7 | AH14: =IntData!T14 -> 13 | AI14: =IntData!U14 -> 9
A15: 1884 | B15: 734 | C15: 629 | E15: =MajorData!U15 -> 109 | F15: =MajorData!V15 -> 180 | G15: =B15-E15 -> 625 | H15: =B15-F15 -> 554 | I15: =E15/$B15 -> 0.14850136 | J15: =F15/$B15 -> 0.24523161 | K15: =G15/$B15 -> 0.85149864 | L15: =H15/$B15 -> 0.75476839 | N15: =MajorData!I15 -> 326 | O15: =G15-N15 -> 299 | P15: =H15-N15 -> 228 | R15: =MajorData!AR15 -> 307 | S15: =C15-R15 -> 322 | T15: =MajorData!AE15 -> 299 | U15: =R15/$C15 -> 0.48807631 | V15: =S15/$C15 -> 0.51192369 | W15: =T15/$C15 -> 0.47535771 | Y15: =MinorData!DK15 -> 100 | Z15: =IntData!E15 -> 104 | AA15: =MinorData!DR15 -> 20 | AB15: =MinorData!DT15 -> 221.6 | AC15: =G15-SUM(Y15:AB15) -> 179.4 | AD15: =IntData!W15 -> 82 | AE15: =IntData!V15 -> 25 | AF15: =MinorData!EA15 -> 43.4 | AG15: =AD15-SUM(AE15:AF15) -> 13.6 | AH15: =IntData!T15 -> 17 | AI15: =IntData!U15 -> 10
A16: 1885 | B16: 674 | C16: 588 | E16: =MajorData!U16 -> 103 | F16: =MajorData!V16 -> 166 | G16: =B16-E16 -> 571 | H16: =B16-F16 -> 508 | I16: =E16/$B16 -> 0.15281899 | J16: =F16/$B16 -> 0.2462908 | K16: =G16/$B16 -> 0.84718101 | L16: =H16/$B16 -> 0.7537092 | N16: =MajorData!I16 -> 316 | O16: =G16-N16 -> 255 | P16: =H16-N16 -> 192 | R16: =MajorData!AR16 -> 274 | S16: =C16-R16 -> 314 | T16: =MajorData!AE16 -> 288 | U16: =R16/$C16 -> 0.46598639 | V16: =S16/$C16 -> 0.53401361 | W16: =T16/$C16 -> 0.48979592 | Y16: =MinorData!DK16 -> 83.1 | Z16: =IntData!E16 -> 102 | AA16: =MinorData!DR16 -> 26.6 | AB16: =MinorData!DT16 -> 184.4 | AC16: =G16-SUM(Y16:AB16) -> 174.9 | AD16: =IntData!W16 -> 77 | AE16: =IntData!V16 -> 20 | AF16: =MinorData!EA16 -> 43.6 | AG16: =AD16-SUM(AE16:AF16) -> 13.4 | AH16: =IntData!T16 -> 15 | AI16: =IntData!U16 -> 10
A17: 1886 | B17: 700 | C17: 663 | E17: =MajorData!U17 -> 96 | F17: =MajorData!V17 -> 159 | G17: =B17-E17 -> 604 | H17: =B17-F17 -> 541 | I17: =E17/$B17 -> 0.13714286 | J17: =F17/$B17 -> 0.22714286 | K17: =G17/$B17 -> 0.86285714 | L17: =H17/$B17 -> 0.77285714 | N17: =MajorData!I17 -> 318 | O17: =G17-N17 -> 286 | P17: =H17-N17 -> 223 | R17: =MajorData!AR17 -> 321 | S17: =C17-R17 -> 342 | T17: =MajorData!AE17 -> 314 | U17: =R17/$C17 -> 0.4841629 | V17: =S17/$C17 -> 0.5158371 | W17: =T17/$C17 -> 0.47360483 | Y17: =MinorData!DK17 -> 104.4 | Z17: =IntData!E17 -> 94 | AA17: =MinorData!DR17 -> 28.3 | AB17: =MinorData!DT17 -> 215.4 | AC17: =G17-SUM(Y17:AB17) -> 161.9 | AD17: =IntData!W17 -> 74 | AE17: =IntData!V17 -> 19 | AF17: =MinorData!EA17 -> 43.1 | AG17: =AD17-SUM(AE17:AF17) -> 11.9 | AH17: =IntData!T17 -> 13 | AI17: =IntData!U17 -> 9
A18: 1887 | B18: 703 | C18: 709 | E18: =MajorData!U18 -> 100 | F18: =MajorData!V18 -> 165 | G18: =B18-E18 -> 603 | H18: =B18-F18 -> 538 | I18: =E18/$B18 -> 0.14224751 | J18: =F18/$B18 -> 0.23470839 | K18: =G18/$B18 -> 0.85775249 | L18: =H18/$B18 -> 0.76529161 | N18: =MajorData!I18 -> 312 | O18: =G18-N18 -> 291 | P18: =H18-N18 -> 226 | R18: =MajorData!AR18 -> 349 | S18: =C18-R18 -> 360 | T18: =MajorData!AE18 -> 327 | U18: =R18/$C18 -> 0.4922426 | V18: =S18/$C18 -> 0.5077574 | W18: =T18/$C18 -> 0.46121298 | Y18: =MinorData!DK18 -> 103.4 | Z18: =IntData!E18 -> 95 | AA18: =MinorData!DR18 -> 20.9 | AB18: =MinorData!DT18 -> 216 | AC18: =G18-SUM(Y18:AB18) -> 167.7 | AD18: =IntData!W18 -> 75 | AE18: =IntData!V18 -> 22 | AF18: =MinorData!EA18 -> 41.8 | AG18: =AD18-SUM(AE18:AF18) -> 11.2 | AH18: =IntData!T18 -> 15 | AI18: =IntData!U18 -> 9
A19: 1888 | B19: 680 | C19: 725 | E19: =MajorData!U19 -> 114 | F19: =MajorData!V19 -> 180 | G19: =B19-E19 -> 566 | H19: =B19-F19 -> 500 | I19: =E19/$B19 -> 0.16764706 | J19: =F19/$B19 -> 0.26470588 | K19: =G19/$B19 -> 0.83235294 | L19: =H19/$B19 -> 0.73529412 | N19: =MajorData!I19 -> 265 | O19: =G19-N19 -> 301 | P19: =H19-N19 -> 235 | R19: =MajorData!AR19 -> 344 | S19: =C19-R19 -> 381 | T19: =MajorData!AE19 -> 348 | U19: =R19/$C19 -> 0.47448276 | V19: =S19/$C19 -> 0.52551724 | W19: =T19/$C19 -> 0.48 | Y19: =MinorData!DK19 -> 64 | Z19: =IntData!E19 -> 94 | AA19: =MinorData!DR19 -> 18.7 | AB19: =MinorData!DT19 -> 225.1 | AC19: =G19-SUM(Y19:AB19) -> 164.2 | AD19: =IntData!W19 -> 81 | AE19: =IntData!V19 -> 26 | AF19: =MinorData!EA19 -> 42.6 | AG19: =AD19-SUM(AE19:AF19) -> 12.4 | AH19: =IntData!T19 -> 20 | AI19: =IntData!U19 -> 13
A20: 1889 | B20: 814 | C20: 771 | E20: =MajorData!U20 -> 128 | F20: =MajorData!V20 -> 205 | G20: =B20-E20 -> 686 | H20: =B20-F20 -> 609 | I20: =E20/$B20 -> 0.15724816 | J20: =F20/$B20 -> 0.25184275 | K20: =G20/$B20 -> 0.84275184 | L20: =H20/$B20 -> 0.74815725 | N20: =MajorData!I20 -> 331 | O20: =G20-N20 -> 355 | P20: =H20-N20 -> 278 | R20: =MajorData!AR20 -> 355 | S20: =C20-R20 -> 416 | T20: =MajorData!AE20 -> 381 | U20: =R20/$C20 -> 0.46044099 | V20: =S20/$C20 -> 0.53955901 | W20: =T20/$C20 -> 0.49416342 | Y20: =MinorData!DK20 -> 76.4 | Z20: =IntData!E20 -> 125 | AA20: =MinorData!DR20 -> 22 | AB20: =MinorData!DT20 -> 266.6 | AC20: =G20-SUM(Y20:AB20) -> 196 | AD20: =IntData!W20 -> 97 | AE20: =IntData!V20 -> 34 | AF20: =MinorData!EA20 -> 47.2 | AG20: =AD20-SUM(AE20:AF20) -> 15.8 | AH20: =IntData!T20 -> 22 | AI20: =IntData!U20 -> 8
A21: 1890 | B21: 846 | C21: 823 | E21: =MajorData!U21 -> 129 | F21: =MajorData!V21 -> 202 | G21: =B21-E21 -> 717 | H21: =B21-F21 -> 644 | I21: =E21/$B21 -> 0.15248227 | J21: =F21/$B21 -> 0.23877069 | K21: =G21/$B21 -> 0.84751773 | L21: =H21/$B21 -> 0.76122931 | N21: =MajorData!I21 -> 371 | O21: =G21-N21 -> 346 | P21: =H21-N21 -> 273 | R21: =MajorData!AR21 -> 388 | S21: =C21-R21 -> 435 | T21: =MajorData!AE21 -> 395 | U21: =R21/$C21 -> 0.47144593 | V21: =S21/$C21 -> 0.52855407 | W21: =T21/$C21 -> 0.4799514 | Y21: =MinorData!DK21 -> 85.6 | Z21: =IntData!E21 -> 143 | AA21: =MinorData!DR21 -> 21.2 | AB21: =MinorData!DT21 -> 254.3 | AC21: =G21-SUM(Y21:AB21) -> 212.9 | AD21: =IntData!W21 -> 100 | AE21: =IntData!V21 -> 37 | AF21: =MinorData!EA21 -> 45.7 | AG21: =AD21-SUM(AE21:AF21) -> 17.3 | AH21: =IntData!T21 -> 20 | AI21: =IntData!U21 -> 9
... A54: 1923 | B54: 4091 | C54: 3792 | E54: =MajorData!U54 -> 1729 | F54: =MajorData!V54 -> 2234 | G54: =B54-E54 -> 2362 | H54: =B54-F54 -> 1857 | I54: =E54/$B54 -> 0.42263505 | J54: =F54/$B54 -> 0.54607675 | K54: =G54/$B54 -> 0.57736495 | L54: =H54/$B54 -> 0.45392325 | N54: =MajorData!I54 -> 1011 | O54: =G54-N54 -> 1351 | P54: =H54-N54 -> 846 | R54: =MajorData!AR54 -> 1677 | S54: =C54-R54 -> 2115 | T54: =MajorData!AE54 -> 2020 | U54: =R54/$C54 -> 0.44224684 | V54: =S54/$C54 -> 0.55775316 | W54: =T54/$C54 -> 0.53270042 | Y54: =MinorData!DK54 -> 192.6 | Z54: =IntData!E54 -> 345 | AA54: =MinorData!DR54 -> 153.4 | AB54: =MinorData!DT54 -> 807.1 | AC54: =G54-SUM(Y54:AB54) -> 863.9 | AD54: =IntData!W54 -> 1179 | AE54: =IntData!V54 -> 670 | AF54: =MinorData!EA54 -> 296.2 | AG54: =AD54-SUM(AE54:AF54) -> 212.8 | AH54: =IntData!T54 -> 203 | AI54: =IntData!U54 -> 346

Sheet Tables
C3: Table 2: Agricultural and Non-Agricultural US Exports, 1880-1910
C6: Year | D6: Grand Total | G6: Total Products of Animal or Vegetable Origin | H6: Total Products Other Than Those of Animal or Vegetable Origin | K6: Total Products of Animal or Vegetable Origin | L6: Total Products Other Than Those of Animal or Vegetable Origin | BM6: Cotton textiles, manufactured | BO6: Nonferrous metals, semimanufactured | BP6: Iron and steel products, manufactured | BQ6: Machiery and vehicles, except automobiles | BR6: Total Agricultural Products | BS6: Total nonagricultural products
D9: $mn | G9: $mn | H9: $mn | K9: Share of total | L9: Share of total | BR9: $mn | BS9: $mn
C12: 1880 | D12: 876 | G12: 804 | H12: 72 | K12: =G12/$D12 -> 0.91780822 | L12: =H12/$D12 -> 0.082191781 | BM12: 11.3 | BO12: 1.4 | BP12: 7.2 | BQ12: 10.7 | BR12: 745 | BS12: 131
C13: 1885 | D13: 674 | G13: 571 | H13: 103 | K13: =G13/$D13 -> 0.84718101 | L13: =H13/$D13 -> 0.15281899 | BM13: 12.7 | BO13: 4.1 | BP13: 6.6 | BQ13: 12.5 | BR13: 508 | BS13: 166
C14: 1890 | D14: 846 | G14: 717 | H14: 129 | K14: =G14/$D14 -> 0.84751773 | L14: =H14/$D14 -> 0.15248227 | BM14: 11.1 | BO14: 1.6 | BP14: 11.2 | BQ14: 24.6 | BR14: 644 | BS14: 202
C15: 1895 | D15: 808 | G15: 643 | H15: 165 | K15: =G15/$D15 -> 0.79579208 | L15: =H15/$D15 -> 0.20420792 | BM15: 14 | BO15: 13.1 | BP15: 15.7 | BQ15: 28.2 | BR15: 556 | BS15: 252
C16: 1900 | D16: 1453 | G16: 1071 | H16: 382 | K16: =G16/$D16 -> 0.73709566 | L16: =H16/$D16 -> 0.26290434 | BM16: 19.7 | BO16: 59.6 | BP16: 57.5 | BQ16: 89 | BR16: 927 | BS16: 526
C17: 1905 | D17: 1599 | G17: 1128 | H17: 471 | K17: =G17/$D17 -> 0.7054409 | L17: =H17/$D17 -> 0.2945591 | BM17: 55.2 | BO17: 85.1 | BP17: 59.4 | BQ17: 112.3 | BR17: 918 | BS17: 681
C18: 1910 | D18: 1829 | G18: 1195 | H18: 634 | K18: =G18/$D18 -> 0.65336249 | L18: =H18/$D18 -> 0.34663751 | BM18: 32 | BO18: 96.5 | BP18: 83.7 | BQ18: 149.5 | BR18: 948 | BS18: 881
P21: Table 2a: Non-Agricultural US Exports, 1880-1910
P24: Year | Q24: Total products other than those of animal or vegetable origin | T24: Manufactured products | U24: Semi- manufactures | V24: Crude materials | Y24: Manufactured metal products | Z24: Machinery and vehicles, except automobiles | AA24: Petroleum and products | AD24: Manufactured products | AE24: Semi- manufactures | AF24: Crude materials | AI24: Manufactured metal products | AJ24: Machinery and vehicles, except automobiles | AK24: Petroleum and products
Q27: $mn | T27: $mn | AD27: Share of nonagriculture | AI27: Share of nonagriculture
P30: 1880 | Q30: 72 | T30: 61 | U30: 6 | V30: 6 | Y30: 19 | Z30: 10.7 | AA30: 31.8 | AD30: =T30/$Q30 -> 0.84722222 | AE30: =U30/$Q30 -> 0.083333333 | AF30: =V30/$Q30 -> 0.083333333 | AI30: =Y30/$Q30 -> 0.26388889 | AJ30: =Z30/$Q30 -> 0.14861111 | AK30: =AA30/$Q30 -> 0.44166667
P31: 1885 | Q31: 103 | T31: 77 | U31: 10 | V31: 15 | Y31: 20 | Z31: 12.5 | AA31: 43.6 | AD31: =T31/$Q31 -> 0.74757282 | AE31: =U31/$Q31 -> 0.097087379 | AF31: =V31/$Q31 -> 0.14563107 | AI31: =Y31/$Q31 -> 0.19417476 | AJ31: =Z31/$Q31 -> 0.12135922 | AK31: =AA31/$Q31 -> 0.42330097
P32: 1890 | Q32: 129 | T32: 100 | U32: 9 | V32: 20 | Y32: 37 | Z32: 24.6 | AA32: 45.7 | AD32: =T32/$Q32 -> 0.7751938 | AE32: =U32/$Q32 -> 0.069767442 | AF32: =V32/$Q32 -> 0.15503876 | AI32: =Y32/$Q32 -> 0.28682171 | AJ32: =Z32/$Q32 -> 0.19069767 | AK32: =AA32/$Q32 -> 0.35426357
P33: 1895 | Q33: 165 | T33: 117 | U33: 25 | V33: 24 | Y33: 47 | Z33: 28.2 | AA33: 50.8 | AD33: =T33/$Q33 -> 0.70909091 | AE33: =U33/$Q33 -> 0.15151515 | AF33: =V33/$Q33 -> 0.14545455 | AI33: =Y33/$Q33 -> 0.28484848 | AJ33: =Z33/$Q33 -> 0.17090909 | AK33: =AA33/$Q33 -> 0.30787879
P34: 1900 | Q34: 382 | T34: 250 | U34: 96 | V34: 37 | Y34: 153 | Z34: 89 | AA34: 67.2 | AD34: =T34/$Q34 -> 0.65445026 | AE34: =U34/$Q34 -> 0.2513089 | AF34: =V34/$Q34 -> 0.096858639 | AI34: =Y34/$Q34 -> 0.40052356 | AJ34: =Z34/$Q34 -> 0.23298429 | AK34: =AA34/$Q34 -> 0.17591623
P35: 1905 | Q35: 471 | T35: 302 | U35: 123 | V35: 45 | Y35: 185 | Z35: 112.3 | AA35: 73.6 | AD35: =T35/$Q35 -> 0.64118896 | AE35: =U35/$Q35 -> 0.2611465 | AF35: =V35/$Q35 -> 0.095541401 | AI35: =Y35/$Q35 -> 0.39278132 | AJ35: =Z35/$Q35 -> 0.23842887 | AK35: =AA35/$Q35 -> 0.15626327
P36: 1910 | Q36: 634 | T36: 422 | U36: 152 | V36: 60 | Y36: 260 | Z36: 149.5 | AA36: 88.7 | AD36: =T36/$Q36 -> 0.66561514 | AE36: =U36/$Q36 -> 0.23974763 | AF36: =V36/$Q36 -> 0.094637224 | AI36: =Y36/$Q36 -> 0.41009464 | AJ36: =Z36/$Q36 -> 0.23580442 | AK36: =AA36/$Q36 -> 0.13990536
C40: Table 2b: Agricultural US Exports, 1880-1910
C43: Year | D43: Total Products of Animal or Vegetable Origin | G43: Cotton textiles, crude | H43: Grains | K43: Cotton textiles, crude | L43: Grains
D46: $mn | G46: $mn | H46: $mn | K46: Share of agriculture | L46: Share of agriculture
C49: 1880 | D49: 804 | G49: 239.3 | H49: 236.8 | K49: =G49/$D49 -> 0.29763682 | L49: =H49/$D49 -> 0.29452736
C50: 1885 | D50: 571 | G50: 184.4 | H50: 83.1 | K50: =G50/$D50 -> 0.32294221 | L50: =H50/$D50 -> 0.14553415
C51: 1890 | D51: 717 | G51: 254.3 | H51: 85.6 | K51: =G51/$D51 -> 0.35467225 | L51: =H51/$D51 -> 0.11938633
C52: 1895 | D52: 643 | G52: 189.9 | H52: 70.9 | K52: =G52/$D52 -> 0.29533437 | L52: =H52/$D52 -> 0.11026439 | AR52: Start | AS52: 1880
C53: 1900 | D53: 1071 | G53: 315.9 | H53: 172.3 | K53: =G53/$D53 -> 0.29495798 | L53: =H53/$D53 -> 0.16087768 | AR53: End | AS53: 1910
C54: 1905 | D54: 1128 | G54: 393.3 | H54: 94.9 | K54: =G54/$D54 -> 0.34867021 | L54: =H54/$D54 -> 0.084131206
C55: 1910 | D55: 1195 | G55: 530.8 | H55: 57.1 | K55: =G55/$D55 -> 0.4441841 | L55: =H55/$D55 -> 0.047782427
AR60: raw title | AS60: id | AT60: Title | AU60: 1895 | AV60: =AS53 -> 1910 | AY60: =381/634 -> 0.60094637 | BH60: starting | BI60: ending | BJ60: growth
AT61: Table num | AU61: 4 | BH61: Share of parent | BI61: Share of parent | BJ61: Share of parent
AT64: ="Table "&AU61&": Growth in US Exports, "&AU60&" - "&AV60&" - Detail" -> Table 4: Growth in US Exports, 1895 - 1910 - Detail
AU67: Total Exports | AY67: ="Change" -> Change | BC67: Share of Total
AU70: =AU60 -> 1895 | AV70: =AV60 -> 1910 | BC70: =AU60 -> 1895 | BD70: =AV60 -> 1910 | BE70: Change
AU71: $mn | AV71: $mn | AY71: $mn | AZ71: Percent | BC71: Percent | BD71: Percent | BE71: Percent
AR74: =OFFSET(ArrangedForR!$A$1,MATCH(Tables!$AS74,ArrangedForR!$F$2:$F$281,0),4) -> Grand Total | AS74: 220 | AT74: Grand Total | AU74: =OFFSET(ArrangedForR!$A$1,MATCH(Tables!$AS74,ArrangedForR!$F$2:$F$281,0),MATCH(Tables!AU$60,ArrangedForR!$G$1:$AY$1,0)+5) -> 808 | AV74: =OFFSET(ArrangedForR!$A$1,MATCH(Tables!$AS74,ArrangedForR!$F$2:$F$281,0),MATCH(Tables!AV$60,ArrangedForR!$G$1:$AY$1,0)+5) -> 1829 | AY74: =AV74-AU74 -> 1021 | AZ74: =AV74/AU74-1 -> 1.2636139
AR77: =OFFSET(ArrangedForR!$A$1,MATCH(Tables!$AS77,ArrangedForR!$F$2:$F$281,0),4) -> Total products other than those of animal or vegetable origin | AS77: 221 | AT77: Non-Agricultural | AU77: =OFFSET(ArrangedForR!$A$1,MATCH(Tables!$AS77,ArrangedForR!$F$2:$F$281,0),MATCH(Tables!AU$60,ArrangedForR!$G$1:$AY$1,0)+5) -> 165 | AV77: =OFFSET(ArrangedForR!$A$1,MATCH(Tables!$AS77,ArrangedForR!$F$2:$F$281,0),MATCH(Tables!AV$60,ArrangedForR!$G$1:$AY$1,0)+5) -> 634 | AY77: =AV77-AU77 -> 469 | AZ77: =AV77/AU77-1 -> 2.8424242 | BC77: =AU77/AU$74 -> 0.20420792 | BD77: =AV77/AV$74 -> 0.34663751 | BE77: =AY77/AY$74 -> 0.45935357 | BH77: =AU77/AU$74 -> 0.20420792 | BI77: =AV77/AV$74 -> 0.34663751 | BJ77: =AY77/AY$74 -> 0.45935357
AR79: =OFFSET(ArrangedForR!$A$1,MATCH(Tables!$AS79,ArrangedForR!$F$2:$F$281,0),4) -> Manufactured products, including rubber, books, and other printed matter | AS79: 147 | AT79: Manufactured Products | AU79: =OFFSET(ArrangedForR!$A$1,MATCH(Tables!$AS79,ArrangedForR!$F$2:$F$281,0),MATCH(Tables!AU$60,ArrangedForR!$G$1:$AY$1,0)+5) -> 117 | AV79: =OFFSET(ArrangedForR!$A$1,MATCH(Tables!$AS79,ArrangedForR!$F$2:$F$281,0),MATCH(Tables!AV$60,ArrangedForR!$G$1:$AY$1,0)+5) -> 422 | AY79: =AV79-AU79 -> 305 | AZ79: =AV79/AU79-1 -> 2.6068376 | BC79: =AU79/AU$74 -> 0.14480198 | BD79: =AV79/AV$74 -> 0.23072717 | BE79: =AY79/AY$74 -> 0.29872674 | BH79: =AU79/AU$77 -> 0.70909091 | BI79: =AV79/AV$77 -> 0.66561514 | BJ79: =AY79/AY$77 -> 0.65031983
AR80: =OFFSET(ArrangedForR!$A$1,MATCH(Tables!$AS80,ArrangedForR!$F$2:$F$281,0),4) -> Manufactured metal products | AS80: 146 | AT80: Metal Manufactures | AU80: =OFFSET(ArrangedForR!$A$1,MATCH(Tables!$AS80,ArrangedForR!$F$2:$F$281,0),MATCH(Tables!AU$60,ArrangedForR!$G$1:$AY$1,0)+5) -> 47 | AV80: =OFFSET(ArrangedForR!$A$1,MATCH(Tables!$AS80,ArrangedForR!$F$2:$F$281,0),MATCH(Tables!AV$60,ArrangedForR!$G$1:$AY$1,0)+5) -> 260 | AY80: =AV80-AU80 -> 213 | AZ80: =AV80/AU80-1 -> 4.5319149 | BC80: =AU80/AU$74 -> 0.058168317 | BD80: =AV80/AV$74 -> 0.14215418 | BE80: =AY80/AY$74 -> 0.208619 | BH80: =AU80/AU$79 -> 0.4017094 | BI80: =AV80/AV$79 -> 0.61611374 | BJ80: =AY80/AY$79 -> 0.69836066
AR81: =OFFSET(ArrangedForR!$A$1,MATCH(Tables!$AS81,ArrangedForR!$F$2:$F$281,0),4) -> Iron and steel products, manufactured | AS81: 70 | AT81: Iron and Steel | AU81: =OFFSET(ArrangedForR!$A$1,MATCH(Tables!$AS81,ArrangedForR!$F$2:$F$281,0),MATCH(Tables!AU$60,ArrangedForR!$G$1:$AY$1,0)+5) -> 15.7 | AV81: =OFFSET(ArrangedForR!$A$1,MATCH(Tables!$AS81,ArrangedForR!$F$2:$F$281,0),MATCH(Tables!AV$60,ArrangedForR!$G$1:$AY$1,0)+5) -> 83.7 | AY81: =AV81-AU81 -> 68 | AZ81: =AV81/AU81-1 -> 4.3312102 | BC81: =AU81/AU$74 -> 0.019430693 | BD81: =AV81/AV$74 -> 0.045762712 | BE81: =AY81/AY$74 -> 0.066601371 | BH81: =AU81/AU$80 -> 0.33404255 | BI81: =AV81/AV$80 -> 0.32192308 | BJ81: =AY81/AY$80 -> 0.31924883
AR82: =OFFSET(ArrangedForR!$A$1,MATCH(Tables!$AS82,ArrangedForR!$F$2:$F$281,0),4) -> Machiery and vehicles, except automobiles | AS82: 71 | AT82: Machinery and Vehicles | AU82: =OFFSET(ArrangedForR!$A$1,MATCH(Tables!$AS82,ArrangedForR!$F$2:$F$281,0),MATCH(Tables!AU$60,ArrangedForR!$G$1:$AY$1,0)+5) -> 28.2 | AV82: =OFFSET(ArrangedForR!$A$1,MATCH(Tables!$AS82,ArrangedForR!$F$2:$F$281,0),MATCH(Tables!AV$60,ArrangedForR!$G$1:$AY$1,0)+5) -> 149.5 | AY82: =AV82-AU82 -> 121.3 | AZ82: =AV82/AU82-1 -> 4.3014184 | BC82: =AU82/AU$74 -> 0.03490099 | BD82: =AV82/AV$74 -> 0.081738655 | BE82: =AY82/AY$74 -> 0.11880509 | BH82: =AU82/AU$80 -> 0.6 | BI82: =AV82/AV$80 -> 0.575 | BJ82: =AY82/AY$80 -> 0.56948357
AR83: =OFFSET(ArrangedForR!$A$1,MATCH(Tables!$AS83,ArrangedForR!$F$2:$F$281,0),4) -> Nonferrous metals, manufactured | AS83: 67 | AT83: Nonferrous Manufactures | AU83: =OFFSET(ArrangedForR!$A$1,MATCH(Tables!$AS83,ArrangedForR!$F$2:$F$281,0),MATCH(Tables!AU$60,ArrangedForR!$G$1:$AY$1,0)+5) -> 2.7 | AV83: =OFFSET(ArrangedForR!$A$1,MATCH(Tables!$AS83,ArrangedForR!$F$2:$F$281,0),MATCH(Tables!AV$60,ArrangedForR!$G$1:$AY$1,0)+5) -> 13.2 | AY83: =AV83-AU83 -> 10.5 | AZ83: =AV83/AU83-1 -> 3.8888889 | BC83: =AU83/AU$74 -> 0.0033415842 | BD83: =AV83/AV$74 -> 0.0072170585 | BE83: =AY83/AY$74 -> 0.010284035 | BH83: =AU83/AU$80 -> 0.057446809 | BI83: =AV83/AV$80 -> 0.050769231 | BJ83: =AY83/AY$80 -> 0.049295775
AR84: =OFFSET(ArrangedForR!$A$1,MATCH(Tables!$AS84,ArrangedForR!$F$2:$F$281,0),4) -> Petroleum and prodcuts, manufactured | AS84: 61 | AT84: Petroleum Products | AU84: =OFFSET(ArrangedForR!$A$1,MATCH(Tables!$AS84,ArrangedForR!$F$2:$F$281,0),MATCH(Tables!AU$60,ArrangedForR!$G$1:$AY$1,0)+5) -> 50.8 | AV84: =OFFSET(ArrangedForR!$A$1,MATCH(Tables!$AS84,ArrangedForR!$F$2:$F$281,0),MATCH(Tables!AV$60,ArrangedForR!$G$1:$AY$1,0)+5) -> 88.7 | AY84: =AV84-AU84 -> 37.9 | AZ84: =AV84/AU84-1 -> 0.74606299 | BC84: =AU84/AU$74 -> 0.062871287 | BD84: =AV84/AV$74 -> 0.048496446 | BE84: =AY84/AY$74 -> 0.03712047 | BH84: =AU84/AU$79 -> 0.43418803 | BI84: =AV84/AV$79 -> 0.21018957 | BJ84: =AY84/AY$79 -> 0.1242623
AR85: =OFFSET(ArrangedForR!$A$1,MATCH(Tables!$AS85,ArrangedForR!$F$2:$F$281,0),4) -> Chemicals and allied products, manufactured | AS85: 75 | AT85: Chemicals | AU85: =OFFSET(ArrangedForR!$A$1,MATCH(Tables!$AS85,ArrangedForR!$F$2:$F$281,0),MATCH(Tables!AU$60,ArrangedForR!$G$1:$AY$1,0)+5) -> 5.6 | AV85: =OFFSET(ArrangedForR!$A$1,MATCH(Tables!$AS85,ArrangedForR!$F$2:$F$281,0),MATCH(Tables!AV$60,ArrangedForR!$G$1:$AY$1,0)+5) -> 17.8 | AY85: =AV85-AU85 -> 12.2 | AZ85: =AV85/AU85-1 -> 2.1785714 | BC85: =AU85/AU$74 -> 0.0069306931 | BD85: =AV85/AV$74 -> 0.009732094 | BE85: =AY85/AY$74 -> 0.01194907 | BH85: =AU85/AU$79 -> 0.047863248 | BI85: =AV85/AV$79 -> 0.042180095 | BJ85: =AY85/AY$79 -> 0.04
AR86: =OFFSET(ArrangedForR!$A$1,MATCH(Tables!$AS86,ArrangedForR!$F$2:$F$281,0),4) -> Other nonmetallic minterals, manufactured | AS86: 76 | AT86: Nonmetallic Mineral Manufactures | AU86: =OFFSET(ArrangedForR!$A$1,MATCH(Tables!$AS86,ArrangedForR!$F$2:$F$281,0),MATCH(Tables!AU$60,ArrangedForR!$G$1:$AY$1,0)+5) -> 18.8 | AV86: =OFFSET(ArrangedForR!$A$1,MATCH(Tables!$AS86,ArrangedForR!$F$2:$F$281,0),MATCH(Tables!AV$60,ArrangedForR!$G$1:$AY$1,0)+5) -> 19 | AY86: =AV86-AU86 -> 0.2 | AZ86: =AV86/AU86-1 -> 0.010638298 | BC86: =AU86/AU$74 -> 0.023267327 | BD86: =AV86/AV$74 -> 0.01038819 | BE86: =AY86/AY$74 -> 0.00019588639 | BH86: =AU86/AU$79 -> 0.16068376 | BI86: =AV86/AV$79 -> 0.045023697 | BJ86: =AY86/AY$79 -> 0.0006557377
AR88: =OFFSET(ArrangedForR!$A$1,MATCH(Tables!$AS88,ArrangedForR!$F$2:$F$281,0),4) -> Semimanufactures | AS88: 145 | AT88: Semimanufactures | AU88: =OFFSET(ArrangedForR!$A$1,MATCH(Tables!$AS88,ArrangedForR!$F$2:$F$281,0),MATCH(Tables!AU$60,ArrangedForR!$G$1:$AY$1,0)+5) -> 25 | AV88: =OFFSET(ArrangedForR!$A$1,MATCH(Tables!$AS88,ArrangedForR!$F$2:$F$281,0),MATCH(Tables!AV$60,ArrangedForR!$G$1:$AY$1,0)+5) -> 152 | AY88: =AV88-AU88 -> 127 | AZ88: =AV88/AU88-1 -> 5.08 | BC88: =AU88/AU$74 -> 0.030940594 | BD88: =AV88/AV$74 -> 0.083105522 | BE88: =AY88/AY$74 -> 0.12438786 | BH88: =AU88/AU$77 -> 0.15151515 | BI88: =AV88/AV$77 -> 0.23974763 | BJ88: =AY88/AY$77 -> 0.27078891
AR89: =OFFSET(ArrangedForR!$A$1,MATCH(Tables!$AS89,ArrangedForR!$F$2:$F$281,0),4) -> Chemicals and allied products, semimanufactured | AS89: 74 | AT89: Chemicals | AU89: =OFFSET(ArrangedForR!$A$1,MATCH(Tables!$AS89,ArrangedForR!$F$2:$F$281,0),MATCH(Tables!AU$60,ArrangedForR!$G$1:$AY$1,0)+5) -> 5.7 | AV89: =OFFSET(ArrangedForR!$A$1,MATCH(Tables!$AS89,ArrangedForR!$F$2:$F$281,0),MATCH(Tables!AV$60,ArrangedForR!$G$1:$AY$1,0)+5) -> 16.9 | AY89: =AV89-AU89 -> 11.2 | AZ89: =AV89/AU89-1 -> 1.9649123 | BC89: =AU89/AU$74 -> 0.0070544554 | BD89: =AV89/AV$74 -> 0.0092400219 | BE89: =AY89/AY$74 -> 0.010969638 | BH89: =AU89/AU$88 -> 0.228 | BI89: =AV89/AV$88 -> 0.11118421 | BJ89: =AY89/AY$88 -> 0.088188976
AR90: =OFFSET(ArrangedForR!$A$1,MATCH(Tables!$AS90,ArrangedForR!$F$2:$F$281,0),4) -> Iron and steel products, semimanufactured | AS90: 69 | AT90: Iron and steel | AU90: =OFFSET(ArrangedForR!$A$1,MATCH(Tables!$AS90,ArrangedForR!$F$2:$F$281,0),MATCH(Tables!AU$60,ArrangedForR!$G$1:$AY$1,0)+5) -> 0.7 | AV90: =OFFSET(ArrangedForR!$A$1,MATCH(Tables!$AS90,ArrangedForR!$F$2:$F$281,0),MATCH(Tables!AV$60,ArrangedForR!$G$1:$AY$1,0)+5) -> 24.2 | AY90: =AV90-AU90 -> 23.5 | AZ90: =AV90/AU90-1 -> 33.571429 | BC90: =AU90/AU$74 -> 0.00086633663 | BD90: =AV90/AV$74 -> 0.013231274 | BE90: =AY90/AY$74 -> 0.02301665 | BH90: =AU90/AU$88 -> 0.028 | BI90: =AV90/AV$88 -> 0.15921053 | BJ90: =AY90/AY$88 -> 0.18503937
AR91: =OFFSET(ArrangedForR!$A$1,MATCH(Tables!$AS91,ArrangedForR!$F$2:$F$281,0),4) -> Nonferrous metals, semimanufactured | AS91: 66 | AT91: Nonferrous metals | AU91: =OFFSET(ArrangedForR!$A$1,MATCH(Tables!$AS91,ArrangedForR!$F$2:$F$281,0),MATCH(Tables!AU$60,ArrangedForR!$G$1:$AY$1,0)+5) -> 13.1 | AV91: =OFFSET(ArrangedForR!$A$1,MATCH(Tables!$AS91,ArrangedForR!$F$2:$F$281,0),MATCH(Tables!AV$60,ArrangedForR!$G$1:$AY$1,0)+5) -> 96.5 | AY91: =AV91-AU91 -> 83.4 | AZ91: =AV91/AU91-1 -> 6.3664122 | BC91: =AU91/AU$74 -> 0.016212871 | BD91: =AV91/AV$74 -> 0.052761072 | BE91: =AY91/AY$74 -> 0.081684623 | BH91: =AU91/AU$88 -> 0.524 | BI91: =AV91/AV$88 -> 0.63486842 | BJ91: =AY91/AY$88 -> 0.65669291
AR92: =OFFSET(ArrangedForR!$A$1,MATCH(Tables!$AS92,ArrangedForR!$F$2:$F$281,0),4) -> Crude materials | AS92: 144 | AT92: Crude materials | AU92: =OFFSET(ArrangedForR!$A$1,MATCH(Tables!$AS92,ArrangedForR!$F$2:$F$281,0),MATCH(Tables!AU$60,ArrangedForR!$G$1:$AY$1,0)+5) -> 24 | AV92: =OFFSET(ArrangedForR!$A$1,MATCH(Tables!$AS92,ArrangedForR!$F$2:$F$281,0),MATCH(Tables!AV$60,ArrangedForR!$G$1:$AY$1,0)+5) -> 60 | AY92: =AV92-AU92 -> 36 | AZ92: =AV92/AU92-1 -> 1.5 | BC92: =AU92/AU$74 -> 0.02970297 | BD92: =AV92/AV$74 -> 0.032804811 | BE92: =AY92/AY$74 -> 0.035259549 | BH92: =AU92/AU$77 -> 0.14545455 | BI92: =AV92/AV$77 -> 0.094637224 | BJ92: =AY92/AY$77 -> 0.076759062
AR93: =OFFSET(ArrangedForR!$A$1,MATCH(Tables!$AS93,ArrangedForR!$F$2:$F$281,0),4) -> Petroleum and products, crude | AS93: 59 | AT93: Petroleum Products | AU93: =OFFSET(ArrangedForR!$A$1,MATCH(Tables!$AS93,ArrangedForR!$F$2:$F$281,0),MATCH(Tables!AU$60,ArrangedForR!$G$1:$AY$1,0)+5) -> 6.3 | AV93: =OFFSET(ArrangedForR!$A$1,MATCH(Tables!$AS93,ArrangedForR!$F$2:$F$281,0),MATCH(Tables!AV$60,ArrangedForR!$G$1:$AY$1,0)+5) -> 5.4 | AY93: =AV93-AU93 -> -0.9 | AZ93: =AV93/AU93-1 -> -0.14285714 | BC93: =AU93/AU$74 -> 0.0077970297 | BD93: =AV93/AV$74 -> 0.002952433 | BE93: =AY93/AY$74 -> -0.00088148874 | BH93: =AU93/AU$92 -> 0.2625 | BI93: =AV93/AV$92 -> 0.09 | BJ93: =AY93/AY$92 -> -0.025
AR94: =OFFSET(ArrangedForR!$A$1,MATCH(Tables!$AS94,ArrangedForR!$F$2:$F$281,0),4) -> Coal and products, crude | AS94: 57 | AT94: Coal Products | AU94: =OFFSET(ArrangedForR!$A$1,MATCH(Tables!$AS94,ArrangedForR!$F$2:$F$281,0),MATCH(Tables!AU$60,ArrangedForR!$G$1:$AY$1,0)+5) -> 10.8 | AV94: =OFFSET(ArrangedForR!$A$1,MATCH(Tables!$AS94,ArrangedForR!$F$2:$F$281,0),MATCH(Tables!AV$60,ArrangedForR!$G$1:$AY$1,0)+5) -> 41.5 | AY94: =AV94-AU94 -> 30.7 | AZ94: =AV94/AU94-1 -> 2.8425926 | BC94: =AU94/AU$74 -> 0.013366337 | BD94: =AV94/AV$74 -> 0.022689995 | BE94: =AY94/AY$74 -> 0.03006856 | BH94: =AU94/AU$92 -> 0.45 | BI94: =AV94/AV$92 -> 0.69166667 | BJ94: =AY94/AY$92 -> 0.85277778
AT95: All Metals | AU95: =AU80+AU90+AU91 -> 60.8 | AV95: =AV80+AV90+AV91 -> 380.7 | AY95: =AV95-AU95 -> 319.9 | AZ95: =AV95/AU95-1 -> 5.2615132 | BC95: =AU95/AU$74 -> 0.075247525 | BD95: =AV95/AV$74 -> 0.20814653 | BE95: =AY95/AY$74 -> 0.31332027
AR98: =OFFSET(ArrangedForR!$A$1,MATCH(Tables!$AS98,ArrangedForR!$F$2:$F$281,0),4) -> Inferred - Total Products of Animal or Vegetable Origin | AS98: 301 | AT98: Agricultural | AU98: =OFFSET(ArrangedForR!$A$1,MATCH(Tables!$AS98,ArrangedForR!$F$2:$F$281,0),MATCH(Tables!AU$60,ArrangedForR!$G$1:$AY$1,0)+5) -> 643 | AV98: =OFFSET(ArrangedForR!$A$1,MATCH(Tables!$AS98,ArrangedForR!$F$2:$F$281,0),MATCH(Tables!AV$60,ArrangedForR!$G$1:$AY$1,0)+5) -> 1195 | AY98: =AV98-AU98 -> 552 | AZ98: =AV98/AU98-1 -> 0.85847589 | BC98: =AU98/AU$74 -> 0.79579208 | BD98: =AV98/AV$74 -> 0.65336249 | BE98: =AY98/AY$74 -> 0.54064643 | BH98: =AU98/AU$74 -> 0.79579208 | BI98: =AV98/AV$74 -> 0.65336249 | BJ98: =AY98/AY$74 -> 0.54064643
AR100: =OFFSET(ArrangedForR!$A$1,MATCH(Tables!$AS100,ArrangedForR!$F$2:$F$281,0),4) -> Foodstuffs, including tobacco and products | AS100: 208 | AT100: Foodstuffs, incl. tobacco | AU100: =OFFSET(ArrangedForR!$A$1,MATCH(Tables!$AS100,ArrangedForR!$F$2:$F$281,0),MATCH(Tables!AU$60,ArrangedForR!$G$1:$AY$1,0)+5) -> 352 | AV100: =OFFSET(ArrangedForR!$A$1,MATCH(Tables!$AS100,ArrangedForR!$F$2:$F$281,0),MATCH(Tables!AV$60,ArrangedForR!$G$1:$AY$1,0)+5) -> 384 | AY100: =AV100-AU100 -> 32 | AZ100: =AV100/AU100-1 -> 0.090909091 | BC100: =AU100/AU$74 -> 0.43564356 | BD100: =AV100/AV$74 -> 0.20995079 | BE100: =AY100/AY$74 -> 0.031341822 | BH100: =AU100/AU$98 -> 0.5474339 | BI100: =AV100/AV$98 -> 0.32133891 | BJ100: =AY100/AY$98 -> 0.057971014
AR101: =OFFSET(ArrangedForR!$A$1,MATCH(Tables!$AS101,ArrangedForR!$F$2:$F$281,0),4) -> Manufactured foodstuffs, including tobacco | AS101: 204 | AT101: Manufactured foods | AU101: =OFFSET(ArrangedForR!$A$1,MATCH(Tables!$AS101,ArrangedForR!$F$2:$F$281,0),MATCH(Tables!AU$60,ArrangedForR!$G$1:$AY$1,0)+5) -> 221 | AV101: =OFFSET(ArrangedForR!$A$1,MATCH(Tables!$AS101,ArrangedForR!$F$2:$F$281,0),MATCH(Tables!AV$60,ArrangedForR!$G$1:$AY$1,0)+5) -> 253 | AY101: =AV101-AU101 -> 32 | AZ101: =AV101/AU101-1 -> 0.14479638 | BC101: =AU101/AU$74 -> 0.27351485 | BD101: =AV101/AV$74 -> 0.13832695 | BE101: =AY101/AY$74 -> 0.031341822 | BH101: =AU101/AU$100 -> 0.62784091 | BI101: =AV101/AV$100 -> 0.65885417 | BJ101: =AY101/AY$100 -> 1
AR102: =OFFSET(ArrangedForR!$A$1,MATCH(Tables!$AS102,ArrangedForR!$F$2:$F$281,0),4) -> Beef | AS102: 8 | AT102: Beef | AU102: =OFFSET(ArrangedForR!$A$1,MATCH(Tables!$AS102,ArrangedForR!$F$2:$F$281,0),MATCH(Tables!AU$60,ArrangedForR!$G$1:$AY$1,0)+5) -> 25.7 | AV102: =OFFSET(ArrangedForR!$A$1,MATCH(Tables!$AS102,ArrangedForR!$F$2:$F$281,0),MATCH(Tables!AV$60,ArrangedForR!$G$1:$AY$1,0)+5) -> 10.3 | AY102: =AV102-AU102 -> -15.4 | AZ102: =AV102/AU102-1 -> -0.59922179 | BC102: =AU102/AU$74 -> 0.031806931 | BD102: =AV102/AV$74 -> 0.0056314926 | BE102: =AY102/AY$74 -> -0.015083252 | BH102: =AU102/AU$101 -> 0.11628959 | BI102: =AV102/AV$101 -> 0.040711462 | BJ102: =AY102/AY$101 -> -0.48125
AR103: =OFFSET(ArrangedForR!$A$1,MATCH(Tables!$AS103,ArrangedForR!$F$2:$F$281,0),4) -> Pork and related products | AS103: 9 | AT103: Pork | AU103: =OFFSET(ArrangedForR!$A$1,MATCH(Tables!$AS103,ArrangedForR!$F$2:$F$281,0),MATCH(Tables!AU$60,ArrangedForR!$G$1:$AY$1,0)+5) -> 54.5 | AV103: =OFFSET(ArrangedForR!$A$1,MATCH(Tables!$AS103,ArrangedForR!$F$2:$F$281,0),MATCH(Tables!AV$60,ArrangedForR!$G$1:$AY$1,0)+5) -> 46.2 | AY103: =AV103-AU103 -> -8.3 | AZ103: =AV103/AU103-1 -> -0.15229358 | BC103: =AU103/AU$74 -> 0.067450495 | BD103: =AV103/AV$74 -> 0.025259705 | BE103: =AY103/AY$74 -> -0.008129285 | BH103: =AU103/AU$101 -> 0.24660633 | BI103: =AV103/AV$101 -> 0.1826087 | BJ103: =AY103/AY$101 -> -0.259375
AR104: =OFFSET(ArrangedForR!$A$1,MATCH(Tables!$AS104,ArrangedForR!$F$2:$F$281,0),4) -> Lard, oleo, and related products | AS104: 11 | AT104: Lard and related | AU104: =OFFSET(ArrangedForR!$A$1,MATCH(Tables!$AS104,ArrangedForR!$F$2:$F$281,0),MATCH(Tables!AU$60,ArrangedForR!$G$1:$AY$1,0)+5) -> 45.2 | AV104: =OFFSET(ArrangedForR!$A$1,MATCH(Tables!$AS104,ArrangedForR!$F$2:$F$281,0),MATCH(Tables!AV$60,ArrangedForR!$G$1:$AY$1,0)+5) -> 66.6 | AY104: =AV104-AU104 -> 21.4 | AZ104: =AV104/AU104-1 -> 0.47345133 | BC104: =AU104/AU$74 -> 0.055940594 | BD104: =AV104/AV$74 -> 0.036413341 | BE104: =AY104/AY$74 -> 0.020959843 | BH104: =AU104/AU$101 -> 0.20452489 | BI104: =AV104/AV$101 -> 0.26324111 | BJ104: =AY104/AY$101 -> 0.66875
AR105: =OFFSET(ArrangedForR!$A$1,MATCH(Tables!$AS105,ArrangedForR!$F$2:$F$281,0),4) -> Dairy products, manufactured | AS105: 12 | AT105: Dairy | AU105: =OFFSET(ArrangedForR!$A$1,MATCH(Tables!$AS105,ArrangedForR!$F$2:$F$281,0),MATCH(Tables!AU$60,ArrangedForR!$G$1:$AY$1,0)+5) -> 5.8 | AV105: =OFFSET(ArrangedForR!$A$1,MATCH(Tables!$AS105,ArrangedForR!$F$2:$F$281,0),MATCH(Tables!AV$60,ArrangedForR!$G$1:$AY$1,0)+5) -> 2.2 | AY105: =AV105-AU105 -> -3.6 | AZ105: =AV105/AU105-1 -> -0.62068966 | BC105: =AU105/AU$74 -> 0.0071782178 | BD105: =AV105/AV$74 -> 0.0012028431 | BE105: =AY105/AY$74 -> -0.0035259549 | BH105: =AU105/AU$101 -> 0.026244344 | BI105: =AV105/AV$101 -> 0.0086956522 | BJ105: =AY105/AY$101 -> -0.1125
AR106: =OFFSET(ArrangedForR!$A$1,MATCH(Tables!$AS106,ArrangedForR!$F$2:$F$281,0),4) -> Flour and other grain products | AS106: 14 | AT106: Flour and related | AU106: =OFFSET(ArrangedForR!$A$1,MATCH(Tables!$AS106,ArrangedForR!$F$2:$F$281,0),MATCH(Tables!AU$60,ArrangedForR!$G$1:$AY$1,0)+5) -> 54.4 | AV106: =OFFSET(ArrangedForR!$A$1,MATCH(Tables!$AS106,ArrangedForR!$F$2:$F$281,0),MATCH(Tables!AV$60,ArrangedForR!$G$1:$AY$1,0)+5) -> 48.2 | AY106: =AV106-AU106 -> -6.2 | AZ106: =AV106/AU106-1 -> -0.11397059 | BC106: =AU106/AU$74 -> 0.067326733 | BD106: =AV106/AV$74 -> 0.026353198 | BE106: =AY106/AY$74 -> -0.006072478 | BH106: =AU106/AU$101 -> 0.24615385 | BI106: =AV106/AV$101 -> 0.19051383 | BJ106: =AY106/AY$101 -> -0.19375
AR107: =OFFSET(ArrangedForR!$A$1,MATCH(Tables!$AS107,ArrangedForR!$F$2:$F$281,0),4) -> Vegetable oil, cake, and meal | AS107: 15 | AT107: Vegetable Oil/Cake/Meal | AU107: =OFFSET(ArrangedForR!$A$1,MATCH(Tables!$AS107,ArrangedForR!$F$2:$F$281,0),MATCH(Tables!AU$60,ArrangedForR!$G$1:$AY$1,0)+5) -> 14.3 | AV107: =OFFSET(ArrangedForR!$A$1,MATCH(Tables!$AS107,ArrangedForR!$F$2:$F$281,0),MATCH(Tables!AV$60,ArrangedForR!$G$1:$AY$1,0)+5) -> 33.9 | AY107: =AV107-AU107 -> 19.6 | AZ107: =AV107/AU107-1 -> 1.3706294 | BC107: =AU107/AU$74 -> 0.01769802 | BD107: =AV107/AV$74 -> 0.018534718 | BE107: =AY107/AY$74 -> 0.019196866 | BH107: =AU107/AU$101 -> 0.064705882 | BI107: =AV107/AV$101 -> 0.13399209 | BJ107: =AY107/AY$101 -> 0.6125
AR108: =OFFSET(ArrangedForR!$A$1,MATCH(Tables!$AS108,ArrangedForR!$F$2:$F$281,0),4) -> Crude foodstuffs, including tobacco | AS108: 202 | AT108: Raw Foodstuffs, incl tobacco | AU108: =OFFSET(ArrangedForR!$A$1,MATCH(Tables!$AS108,ArrangedForR!$F$2:$F$281,0),MATCH(Tables!AU$60,ArrangedForR!$G$1:$AY$1,0)+5) -> 131 | AV108: =OFFSET(ArrangedForR!$A$1,MATCH(Tables!$AS108,ArrangedForR!$F$2:$F$281,0),MATCH(Tables!AV$60,ArrangedForR!$G$1:$AY$1,0)+5) -> 131 | AY108: =AV108-AU108 -> 0 | AZ108: =AV108/AU108-1 -> 0 | BC108: =AU108/AU$74 -> 0.16212871 | BD108: =AV108/AV$74 -> 0.071623838 | BE108: =AY108/AY$74 -> 0 | BH108: =AU108/AU$100 -> 0.37215909 | BI108: =AV108/AV$100 -> 0.34114583 | BJ108: =AY108/AY$100 -> 0
AR109: =OFFSET(ArrangedForR!$A$1,MATCH(Tables!$AS109,ArrangedForR!$F$2:$F$281,0),4) -> Crude animal foods, agricultural | AS109: 1 | AT109: Animal Feed | AU109: =OFFSET(ArrangedForR!$A$1,MATCH(Tables!$AS109,ArrangedForR!$F$2:$F$281,0),MATCH(Tables!AU$60,ArrangedForR!$G$1:$AY$1,0)+5) -> 30.5 | AV109: =OFFSET(ArrangedForR!$A$1,MATCH(Tables!$AS109,ArrangedForR!$F$2:$F$281,0),MATCH(Tables!AV$60,ArrangedForR!$G$1:$AY$1,0)+5) -> 11.3 | AY109: =AV109-AU109 -> -19.2 | AZ109: =AV109/AU109-1 -> -0.6295082 | BC109: =AU109/AU$74 -> 0.037747525 | BD109: =AV109/AV$74 -> 0.0061782395 | BE109: =AY109/AY$74 -> -0.018805093 | BH109: =AU109/AU$108 -> 0.23282443 | BI109: =AV109/AV$108 -> 0.086259542 | BJ109: =AY109/AY$108 -> #DIV/0!
AR110: =OFFSET(ArrangedForR!$A$1,MATCH(Tables!$AS110,ArrangedForR!$F$2:$F$281,0),4) -> Grains | AS110: 5 | AT110: Grains | AU110: =OFFSET(ArrangedForR!$A$1,MATCH(Tables!$AS110,ArrangedForR!$F$2:$F$281,0),MATCH(Tables!AU$60,ArrangedForR!$G$1:$AY$1,0)+5) -> 70.9 | AV110: =OFFSET(ArrangedForR!$A$1,MATCH(Tables!$AS110,ArrangedForR!$F$2:$F$281,0),MATCH(Tables!AV$60,ArrangedForR!$G$1:$AY$1,0)+5) -> 57.1 | AY110: =AV110-AU110 -> -13.8 | AZ110: =AV110/AU110-1 -> -0.19464034 | BC110: =AU110/AU$74 -> 0.087747525 | BD110: =AV110/AV$74 -> 0.031219245 | BE110: =AY110/AY$74 -> -0.013516161 | BH110: =AU110/AU$108 -> 0.54122137 | BI110: =AV110/AV$108 -> 0.43587786 | BJ110: =AY110/AY$108 -> #DIV/0!
AR111: =OFFSET(ArrangedForR!$A$1,MATCH(Tables!$AS111,ArrangedForR!$F$2:$F$281,0),4) -> Crude tobacco | AS111: 25 | AT111: Tobacco | AU111: =OFFSET(ArrangedForR!$A$1,MATCH(Tables!$AS111,ArrangedForR!$F$2:$F$281,0),MATCH(Tables!AU$60,ArrangedForR!$G$1:$AY$1,0)+5) -> 24.7 | AV111: =OFFSET(ArrangedForR!$A$1,MATCH(Tables!$AS111,ArrangedForR!$F$2:$F$281,0),MATCH(Tables!AV$60,ArrangedForR!$G$1:$AY$1,0)+5) -> 36.1 | AY111: =AV111-AU111 -> 11.4 | AZ111: =AV111/AU111-1 -> 0.46153846 | BC111: =AU111/AU$74 -> 0.030569307 | BD111: =AV111/AV$74 -> 0.019737562 | BE111: =AY111/AY$74 -> 0.011165524 | BH111: =AU111/AU$108 -> 0.18854962 | BI111: =AV111/AV$108 -> 0.27557252 | BJ111: =AY111/AY$108 -> #DIV/0!
AR113: =OFFSET(ArrangedForR!$A$1,MATCH(Tables!$AS113,ArrangedForR!$F$2:$F$281,0),4) -> Inferred - Nonfood Animal or Vegetable | AS113: 310 | AT113: Non-Food Agricultural | AU113: =OFFSET(ArrangedForR!$A$1,MATCH(Tables!$AS113,ArrangedForR!$F$2:$F$281,0),MATCH(Tables!AU$60,ArrangedForR!$G$1:$AY$1,0)+5) -> 291 | AV113: =OFFSET(ArrangedForR!$A$1,MATCH(Tables!$AS113,ArrangedForR!$F$2:$F$281,0),MATCH(Tables!AV$60,ArrangedForR!$G$1:$AY$1,0)+5) -> 811 | AY113: =AV113-AU113 -> 520 | AZ113: =AV113/AU113-1 -> 1.7869416 | BC113: =AU113/AU$74 -> 0.36014851 | BD113: =AV113/AV$74 -> 0.4434117 | BE113: =AY113/AY$74 -> 0.5093046 | BH113: =AU113/AU$98 -> 0.4525661 | BI113: =AV113/AV$98 -> 0.67866109 | BJ113: =AY113/AY$98 -> 0.94202899
AR114: =OFFSET(ArrangedForR!$A$1,MATCH(Tables!$AS114,ArrangedForR!$F$2:$F$281,0),4) -> Cotton textiles, crude | AS114: 42 | AT114: Raw Cotton | AU114: =OFFSET(ArrangedForR!$A$1,MATCH(Tables!$AS114,ArrangedForR!$F$2:$F$281,0),MATCH(Tables!AU$60,ArrangedForR!$G$1:$AY$1,0)+5) -> 189.9 | AV114: =OFFSET(ArrangedForR!$A$1,MATCH(Tables!$AS114,ArrangedForR!$F$2:$F$281,0),MATCH(Tables!AV$60,ArrangedForR!$G$1:$AY$1,0)+5) -> 530.8 | AY114: =AV114-AU114 -> 340.9 | AZ114: =AV114/AU114-1 -> 1.7951553 | BC114: =AU114/AU$74 -> 0.23502475 | BD114: =AV114/AV$74 -> 0.29021323 | BE114: =AY114/AY$74 -> 0.33388834 | BH114: =AU114/AU$113 -> 0.65257732 | BI114: =AV114/AV$113 -> 0.65450062 | BJ114: =AY114/AY$113 -> 0.65557692
AR115: =OFFSET(ArrangedForR!$A$1,MATCH(Tables!$AS115,ArrangedForR!$F$2:$F$281,0),4) -> Other vegetable fibers, crude | AS115: 51 | AT115: Vegetable Fibers | AU115: =OFFSET(ArrangedForR!$A$1,MATCH(Tables!$AS115,ArrangedForR!$F$2:$F$281,0),MATCH(Tables!AU$60,ArrangedForR!$G$1:$AY$1,0)+5) -> 10.5 | AV115: =OFFSET(ArrangedForR!$A$1,MATCH(Tables!$AS115,ArrangedForR!$F$2:$F$281,0),MATCH(Tables!AV$60,ArrangedForR!$G$1:$AY$1,0)+5) -> 25.5 | AY115: =AV115-AU115 -> 15 | AZ115: =AV115/AU115-1 -> 1.4285714 | BC115: =AU115/AU$74 -> 0.01299505 | BD115: =AV115/AV$74 -> 0.013942045 | BE115: =AY115/AY$74 -> 0.014691479 | BH115: =AU115/AU$113 -> 0.036082474 | BI115: =AV115/AV$113 -> 0.031442663 | BJ115: =AY115/AY$113 -> 0.028846154
AR116: =OFFSET(ArrangedForR!$A$1,MATCH(Tables!$AS116,ArrangedForR!$F$2:$F$281,0),4) -> Hides, leather, and products, semimanufactured | AS116: 28 | AT116: Leather Products | AU116: =OFFSET(ArrangedForR!$A$1,MATCH(Tables!$AS116,ArrangedForR!$F$2:$F$281,0),MATCH(Tables!AU$60,ArrangedForR!$G$1:$AY$1,0)+5) -> 16.2 | AV116: =OFFSET(ArrangedForR!$A$1,MATCH(Tables!$AS116,ArrangedForR!$F$2:$F$281,0),MATCH(Tables!AV$60,ArrangedForR!$G$1:$AY$1,0)+5) -> 37.5 | AY116: =AV116-AU116 -> 21.3 | AZ116: =AV116/AU116-1 -> 1.3148148 | BC116: =AU116/AU$74 -> 0.020049505 | BD116: =AV116/AV$74 -> 0.020503007 | BE116: =AY116/AY$74 -> 0.0208619 | BH116: =AU116/AU$113 -> 0.055670103 | BI116: =AV116/AV$113 -> 0.046239211 | BJ116: =AY116/AY$113 -> 0.040961538
AR117: =OFFSET(ArrangedForR!$A$1,MATCH(Tables!$AS117,ArrangedForR!$F$2:$F$281,0),4) -> Cotton textiles, manufactured | AS117: 44 | AT117: Manufactured Cotton | AU117: =OFFSET(ArrangedForR!$A$1,MATCH(Tables!$AS117,ArrangedForR!$F$2:$F$281,0),MATCH(Tables!AU$60,ArrangedForR!$G$1:$AY$1,0)+5) -> 14 | AV117: =OFFSET(ArrangedForR!$A$1,MATCH(Tables!$AS117,ArrangedForR!$F$2:$F$281,0),MATCH(Tables!AV$60,ArrangedForR!$G$1:$AY$1,0)+5) -> 32 | AY117: =AV117-AU117 -> 18 | AZ117: =AV117/AU117-1 -> 1.2857143 | BC117: =AU117/AU$74 -> 0.017326733 | BD117: =AV117/AV$74 -> 0.017495899 | BE117: =AY117/AY$74 -> 0.017629775 | BH117: =AU117/AU$113 -> 0.048109966 | BI117: =AV117/AV$113 -> 0.03945746 | BJ117: =AY117/AY$113 -> 0.034615385
AR118: =OFFSET(ArrangedForR!$A$1,MATCH(Tables!$AS118,ArrangedForR!$F$2:$F$281,0),4) -> Wood and related products, semimanufactured | AS118: 52 | AT118: Wood Products | AU118: =OFFSET(ArrangedForR!$A$1,MATCH(Tables!$AS118,ArrangedForR!$F$2:$F$281,0),MATCH(Tables!AU$60,ArrangedForR!$G$1:$AY$1,0)+5) -> 19.9 | AV118: =OFFSET(ArrangedForR!$A$1,MATCH(Tables!$AS118,ArrangedForR!$F$2:$F$281,0),MATCH(Tables!AV$60,ArrangedForR!$G$1:$AY$1,0)+5) -> 66.7 | AY118: =AV118-AU118 -> 46.8 | AZ118: =AV118/AU118-1 -> 2.3517588 | BC118: =AU118/AU$74 -> 0.024628713 | BD118: =AV118/AV$74 -> 0.036468015 | BE118: =AY118/AY$74 -> 0.045837414 | BH118: =AU118/AU$113 -> 0.06838488 | BI118: =AV118/AV$113 -> 0.082244143 | BJ118: =AY118/AY$113 -> 0.09
AR119: =OFFSET(ArrangedForR!$A$1,MATCH(Tables!$AS119,ArrangedForR!$F$2:$F$281,0),4) -> Paper and related products, manufactured | AS119: 55 | AT119: Paper Products | AU119: =OFFSET(ArrangedForR!$A$1,MATCH(Tables!$AS119,ArrangedForR!$F$2:$F$281,0),MATCH(Tables!AU$60,ArrangedForR!$G$1:$AY$1,0)+5) -> 2.4 | AV119: =OFFSET(ArrangedForR!$A$1,MATCH(Tables!$AS119,ArrangedForR!$F$2:$F$281,0),MATCH(Tables!AV$60,ArrangedForR!$G$1:$AY$1,0)+5) -> 9.5 | AY119: =AV119-AU119 -> 7.1 | AZ119: =AV119/AU119-1 -> 2.9583333 | BC119: =AU119/AU$74 -> 0.002970297 | BD119: =AV119/AV$74 -> 0.0051940951 | BE119: =AY119/AY$74 -> 0.0069539667 | BH119: =AU119/AU$113 -> 0.0082474227 | BI119: =AV119/AV$113 -> 0.011713933 | BJ119: =AY119/AY$113 -> 0.013653846

Sheet ArrangedForR
A1: aggregationLevel | B1: levelNum | C1: direction | D1: dataType | E1: categoryName | F1: categoryNum | G1: 1879 | H1: 1880 | I1: 1881 | J1: 1882 | K1: 1883 | L1: 1884 | M1: 1885 | N1: 1886 | O1: 1887 | P1: 1888 | Q1: 1889 | R1: 1890 | S1: 1891 | T1: 1892 | U1: 1893 | V1: 1894 | W1: 1895 | X1: 1896 | Y1: 1897 | Z1: 1898 | AA1: 1899 | AB1: 1900 | AC1: 1901 | AD1: 1902 | AE1: 1903 | AF1: 1904 | AG1: 1905 | AH1: 1906 | AI1: 1907 | AJ1: 1908 | AK1: 1909 | AL1: 1910 | AM1: 1911 | AN1: 1912 | AO1: 1913 | AP1: 1914 | AQ1: 1915 | AR1: 1916 | AS1: 1917 | AT1: 1918 | AU1: 1919 | AV1: 1920 | AW1: 1921 | AX1: 1922 | AY1: 1923
A2: Total | B2: =IF(A2="Minor",4,IF(A2="Intermediate",3,IF(A2="Major",2,IF(A2="Total",1,0)))) -> 1 | C2: Export | D2: $mn | E2: Represented | F2: 304 | G2: 681.3 | H2: 807.1 | I2: 746.7 | J2: 673.5 | K2: 702.1 | L2: 644.4 | M2: 587.1 | N2: 625.6 | O2: 629.9 | P2: 603.3 | Q2: 722.4 | R2: 754.9 | S2: 858.5 | T2: 830.5 | U2: 754.3 | V2: 716.4 | W2: 712.5 | X2: 872.6 | Y2: 964.4 | Z2: 1102.9 | AA2: 1095.4 | AB2: 1271.7 | AC2: 1263.3 | AD2: 1151.9 | AE2: 1270.2 | AF2: 1236.8 | AG2: 1396 | AH2: 1532.6 | AI2: 1647.2 | AJ2: 1507.3 | AK2: 1464.7 | AL2: 1546.3 | AM2: 1736.4 | AN2: 1998.2 | AO2: 2070.7 | AP2: 1716.4 | AQ2: 2831.4 | AR2: 4616.2 | AS2: 5414.9 | AT2: 5351 | AU2: 6447.7 | AV2: 6846.3 | AW2: 3777.2 | AX2: 3139.7 | AY2: 3453.2
A3: Major | B3: =IF(A3="Minor",4,IF(A3="Intermediate",3,IF(A3="Major",2,IF(A3="Total",1,0)))) -> 2 | C3: Export | D3: $mn | E3: Inferred - Total Agricultural Products | F3: 302 | G3: 626 | H3: 745 | I3: 655 | J3: 579 | K3: 600 | L3: 554 | M3: 508 | N3: 541 | O3: 538 | P3: 500 | Q3: 609 | R3: 644 | S3: 743 | T3: 722 | U3: 630 | V3: 583 | W3: 556 | X3: 678 | Y3: 745 | Z3: 869 | AA3: 802 | AB3: 927 | AC3: 959 | AD3: 838 | AE3: 930 | AF3: 813 | AG3: 918 | AH3: 1013 | AI3: 1081 | AJ3: 1002 | AK3: 929 | AL3: 948 | AM3: 1019 | AN3: 1155 | AO3: 1156 | AP3: 1013 | AQ3: 1631 | AR3: 1772 | AS3: 2006 | AT3: 2785 | AU3: 4152 | AV3: 3510 | AW3: 2148 | AX3: 1924 | AY3: 1857
